City_ID,City,Country,Date,Lat,Lng,Max Temp,Humidity,Cloudiness,Wind Speed
0,Saint George,US,2021-11-28 21:59:59,37.1041,-113.5841,77.47,18,0,0.81
1,Mackay,AU,2021-11-28 21:57:58,-21.15,149.2,73.38,94,90,6.91
2,Puerto Ayora,EC,2021-11-28 21:59:59,-0.7393,-90.3518,76.96,81,83,10.36
3,Ocos,GT,2021-11-28 22:00:00,14.5094,-92.1933,91.9,71,40,6.4
4,Jalu,LY,2021-11-28 22:00:00,29.0331,21.5482,75.25,21,100,11.9
5,Albany,US,2021-11-28 21:59:57,42.6001,-73.9662,29.01,92,86,1.83
6,Tilichiki,RU,2021-11-28 22:00:01,60.4667,166.1,24.69,88,100,13.22
7,Praia Da Vitoria,PT,2021-11-28 22:00:01,38.7333,-27.0667,60.22,60,100,3.13
8,Atuona,PF,2021-11-28 22:00:01,-9.8,-139.0333,78.53,71,1,17.65
9,Port Alfred,ZA,2021-11-28 22:00:02,-33.5906,26.891,65.73,81,11,11.18
10,Khatanga,RU,2021-11-28 22:00:02,71.9667,102.5,-8.05,98,100,9.31
11,Bambous Virieux,MU,2021-11-28 21:58:43,-20.3428,57.7575,73.65,83,20,3.44
12,Asosa,ET,2021-11-28 22:00:03,10.0667,34.5333,70.32,44,50,3.47
13,Ushuaia,AR,2021-11-28 22:00:04,-54.8,-68.3,44.92,72,58,9.93
14,Yekaterinoslavka,RU,2021-11-28 22:00:04,50.3734,129.1139,4.69,90,83,9.28
15,Busselton,AU,2021-11-28 22:00:05,-33.65,115.3333,63.28,74,48,7.38
16,Hilo,US,2021-11-28 21:56:54,19.7297,-155.09,77.76,71,14,13.11
17,Saint-Philippe,RE,2021-11-28 22:00:07,-21.3585,55.7679,74.79,83,45,3.56
18,Saint-Denis,FR,2021-11-28 22:00:07,48.9167,2.3333,36.16,86,0,5.75
19,Mareeba,AU,2021-11-28 22:00:08,-17.0,145.4333,72.32,71,31,4.38
20,Kapaa,US,2021-11-28 21:56:41,22.0752,-159.319,77.45,68,5,13.47
21,Bonavista,CA,2021-11-28 22:00:08,48.6499,-53.1147,43.12,80,10,14.52
22,Suntar,RU,2021-11-28 22:00:09,62.1444,117.6319,-5.31,100,96,1.99
23,Muret,FR,2021-11-28 22:00:09,43.3333,1.25,38.64,93,65,13.29
24,Velikooktyabrskiy,RU,2021-11-28 22:00:10,57.4333,33.8159,31.55,97,100,2.77
25,Hobart,AU,2021-11-28 22:00:10,-42.8794,147.3294,57.06,72,0,8.05
26,Dolores,AR,2021-11-28 22:00:03,-36.3132,-57.6792,64.24,88,100,7.67
27,Paamiut,GL,2021-11-28 21:55:28,61.994,-49.6678,38.08,91,100,24.47
28,Mar Del Plata,AR,2021-11-28 21:55:54,-38.0023,-57.5575,64.42,94,90,11.5
29,Tuktoyaktuk,CA,2021-11-28 22:00:11,69.4541,-133.0374,-6.14,94,100,15.28
30,Mataura,NZ,2021-11-28 22:00:11,-46.1927,168.8643,63.18,39,75,4.5
31,Bamora,IN,2021-11-28 22:00:12,24.0552,78.0909,60.69,44,54,4.14
32,Port-Gentil,GA,2021-11-28 22:00:12,-0.7193,8.7815,80.28,79,95,9.35
33,Jamestown,US,2021-11-28 21:59:58,42.097,-79.2353,31.64,93,90,12.66
34,Coihaique,CL,2021-11-28 22:00:13,-45.5752,-72.0662,56.01,94,100,8.34
35,Ostrovnoy,RU,2021-11-28 22:00:13,68.0531,39.5131,14.95,84,100,8.81
36,Cabo San Lucas,MX,2021-11-28 21:58:47,22.8909,-109.9124,75.25,69,100,6.51
37,Cap-Aux-Meules,CA,2021-11-28 22:00:14,47.3821,-61.8597,32.05,69,90,17.27
38,Pervomayskiy,RU,2021-11-28 22:00:14,53.2485,40.2871,38.23,96,100,6.73
39,Punta Arenas,CL,2021-11-28 21:59:05,-53.15,-70.9167,46.51,66,75,25.32
40,Zhigansk,RU,2021-11-28 22:00:14,66.7697,123.3711,-7.4,99,100,5.68
41,Rikitea,PF,2021-11-28 22:00:15,-23.1203,-134.9692,77.07,73,9,16.75
42,Nanortalik,GL,2021-11-28 22:00:15,60.1432,-45.2371,40.59,95,100,12.5
43,Patrocinio,BR,2021-11-28 22:00:16,-18.9439,-46.9925,70.11,79,51,1.88
44,Leh,IN,2021-11-28 22:00:16,34.1667,77.5833,13.87,65,0,2.33
45,East London,ZA,2021-11-28 22:00:17,-33.0153,27.9116,67.96,73,21,6.71
46,Kruisfontein,ZA,2021-11-28 22:00:17,-34.0033,24.7314,62.69,78,3,16.75
47,Chuy,UY,2021-11-28 21:59:49,-33.6971,-53.4616,65.52,97,100,6.06
48,New Norfolk,AU,2021-11-28 22:01:18,-42.7826,147.0587,56.7,60,67,1.52
49,Fertoszentmiklos,HU,2021-11-28 22:01:18,47.59,16.8752,37.44,77,100,14.58
50,Bluff,NZ,2021-11-28 22:01:18,-46.6,168.3333,56.62,68,54,20.4
51,Provideniya,RU,2021-11-28 22:01:19,64.3833,-173.3,-5.69,59,0,6.71
52,Tasiilaq,GL,2021-11-28 22:01:19,65.6145,-37.6368,26.76,96,97,3.6
53,Batemans Bay,AU,2021-11-28 22:01:20,-35.7167,150.1833,62.51,58,79,0.36
54,Castro,BR,2021-11-28 22:01:20,-24.7911,-50.0119,70.16,65,89,4.32
55,Lagoa,PT,2021-11-28 22:01:21,39.05,-27.9833,60.31,55,63,1.52
56,Barrow,US,2021-11-28 22:01:21,71.2906,-156.7887,-14.78,76,90,10.36
57,Komsomolskiy,UZ,2021-11-28 22:01:22,40.4272,71.7189,35.02,80,49,4.61
58,Asau,RO,2021-11-28 21:57:34,46.4333,26.4,41.92,72,100,4.61
59,Amaraji,BR,2021-11-28 22:01:23,-8.3831,-35.4525,75.74,85,19,8.28
60,Mount Pleasant,US,2021-11-28 21:56:33,32.7941,-79.8626,57.34,56,20,0.0
61,Arraial Do Cabo,BR,2021-11-28 22:01:24,-22.9661,-42.0278,74.26,85,22,5.68
62,Paita,PE,2021-11-28 22:01:24,-5.0892,-81.1144,69.51,78,70,17.2
63,Moree,AU,2021-11-28 22:01:24,-29.4667,149.85,71.46,70,29,13.6
64,Narsaq,GL,2021-11-28 22:01:25,60.9167,-46.05,35.82,99,100,2.98
65,Yulara,AU,2021-11-28 22:01:25,-25.2406,130.9889,73.22,25,0,9.1
66,Miranda De Ebro,ES,2021-11-28 22:01:25,42.6865,-2.947,44.94,97,100,7.02
67,Vestmannaeyjar,IS,2021-11-28 22:01:26,63.4427,-20.2734,43.83,95,100,3.96
68,Huarmey,PE,2021-11-28 22:01:26,-10.0681,-78.1522,69.94,78,94,9.8
69,Kodiak,US,2021-11-28 22:01:26,57.79,-152.4072,12.78,63,3,6.13
70,Yellowknife,CA,2021-11-28 22:00:20,62.456,-114.3525,16.9,95,100,12.03
71,Kangaatsiaq,GL,2021-11-28 22:01:27,68.3065,-53.4641,20.75,63,100,22.17
72,Mount Gambier,AU,2021-11-28 22:01:27,-37.8333,140.7667,64.18,50,0,6.17
73,Sitka,US,2021-11-28 22:01:28,57.0531,-135.33,34.34,60,100,17.49
74,Rabo De Peixe,PT,2021-11-28 22:01:28,37.8,-25.5833,58.51,77,75,8.05
75,Lavrentiya,RU,2021-11-28 22:01:28,65.5833,-171.0,-13.02,91,3,6.93
76,Fortuna,US,2021-11-28 22:01:29,40.5982,-124.1573,53.94,100,90,0.0
77,Panguna,PG,2021-11-28 22:01:30,-6.3164,155.4848,76.73,75,100,2.55
78,Severo-Kurilsk,RU,2021-11-28 22:01:30,50.6789,156.125,33.53,87,100,18.48
79,Bathsheba,BB,2021-11-28 22:01:31,13.2167,-59.5167,80.01,79,38,13.49
80,Sangar,RU,2021-11-28 22:01:33,63.9242,127.4739,-8.5,99,100,1.25
81,Point Pleasant,US,2021-11-28 22:00:08,40.0832,-74.0682,41.34,59,9,7.18
82,Necochea,AR,2021-11-28 22:00:14,-38.5473,-58.7368,61.14,95,100,12.82
83,Pocri,PA,2021-11-28 22:01:34,8.2667,-80.55,81.36,77,48,8.95
84,Butaritari,KI,2021-11-28 22:01:35,3.0707,172.7902,81.63,78,90,13.06
85,Kargasok,RU,2021-11-28 22:01:35,59.0556,80.8572,25.39,95,100,8.16
86,Lyubech,UA,2021-11-28 22:01:36,51.7026,30.6569,43.81,94,100,10.92
87,Nikolskoye,RU,2021-11-28 22:01:36,59.7035,30.7861,22.89,93,91,5.97
88,Vila,PT,2021-11-28 22:01:36,42.0304,-8.1588,43.68,98,100,5.7
89,Nara,JP,2021-11-28 22:01:37,34.6851,135.8049,40.28,62,29,2.71
90,Kuvandyk,RU,2021-11-28 22:01:37,51.4781,57.3552,15.69,90,100,2.77
91,Vaini,TO,2021-11-28 22:01:38,-21.2,-175.2,77.92,60,2,18.05
92,Faanui,PF,2021-11-28 22:01:38,-16.4833,-151.75,81.55,73,97,10.49
93,Ust-Nera,RU,2021-11-28 22:01:38,64.5667,143.2,-12.57,99,100,3.36
94,Cape Town,ZA,2021-11-28 22:01:39,-33.9258,18.4232,64.35,78,80,2.8
95,Vysotsk,RU,2021-11-28 22:02:39,60.6288,28.5705,20.52,72,99,11.88
96,Wanxian,CN,2021-11-28 22:02:39,30.8039,108.3897,57.04,67,100,2.53
97,Autun,FR,2021-11-28 22:02:40,46.95,4.3,34.5,98,100,6.33
98,Airai,TL,2021-11-28 22:02:40,-8.9266,125.4092,62.37,85,100,1.3
99,Lebu,CL,2021-11-28 22:02:41,-37.6167,-73.65,55.53,73,5,19.26
100,Ambon,ID,2021-11-28 22:02:41,-3.6954,128.1814,82.02,74,86,2.73
101,Gradsko,MK,2021-11-28 22:02:42,41.5775,21.9428,47.34,93,98,2.46
102,Cairns,AU,2021-11-28 22:00:03,-16.9167,145.7667,76.95,88,75,9.22
103,Gazojak,TM,2021-11-28 22:02:43,41.1875,61.4036,41.81,45,2,6.6
104,Deputatskiy,RU,2021-11-28 22:02:43,69.3,139.9,-12.53,96,100,5.06
105,Puerto Del Rosario,ES,2021-11-28 22:02:43,28.5004,-13.8627,65.95,63,20,23.02
106,Nuuk,GL,2021-11-28 22:00:08,64.1835,-51.7216,37.92,93,100,36.48
107,Ambovombe,MG,2021-11-28 22:02:44,-25.1667,46.0833,65.07,67,8,17.07
108,San Patricio,US,2021-11-28 22:02:44,28.017,-97.5169,66.61,63,100,10.13
109,Padang,ID,2021-11-28 22:02:45,-0.9492,100.3543,75.7,88,96,2.46
110,Roma,US,2021-11-28 22:02:45,43.2128,-75.4557,33.66,86,90,5.75
111,Murgab,TM,2021-11-28 22:02:45,37.4966,61.9714,50.09,49,7,8.93
112,Hermanus,ZA,2021-11-28 22:02:46,-34.4187,19.2345,63.07,85,81,7.49
113,Vostok,RU,2021-11-28 22:02:47,46.4856,135.8833,19.53,91,97,5.59
114,The Valley,AI,2021-11-28 22:02:47,18.217,-63.0578,81.05,72,14,12.5
115,Kamenka,RU,2021-11-28 22:02:48,51.3223,42.7678,41.14,95,100,8.25
116,Talnakh,RU,2021-11-28 22:02:48,69.4865,88.3972,-15.83,98,77,2.8
117,Sucila,MX,2021-11-28 22:02:49,21.15,-88.3167,82.29,51,58,8.75
118,Bengkulu,ID,2021-11-28 22:02:49,-3.8004,102.2655,75.97,85,100,5.08
119,Banga,PH,2021-11-28 22:02:49,6.4239,124.7783,73.83,91,94,1.86
120,Taoudenni,ML,2021-11-28 22:02:50,22.6783,-3.9836,67.66,22,2,10.0
121,Victoria,HK,2021-11-28 22:02:15,22.2855,114.1577,67.98,64,26,6.4
122,Sola,VU,2021-11-28 22:02:51,-13.8833,167.55,81.27,83,75,0.0
123,Saskylakh,RU,2021-11-28 22:02:51,71.9167,114.0833,-20.83,100,99,4.34
124,Bonthe,SL,2021-11-28 22:02:51,7.5264,-12.505,79.95,80,7,7.34
125,Serebryanyy Bor,RU,2021-11-28 22:02:52,56.8,124.8,-26.03,100,100,0.87
126,Waipawa,NZ,2021-11-28 22:02:52,-41.4122,175.5153,63.23,66,71,5.79
127,Oktyabrskiy,RU,2021-11-28 22:02:52,54.4815,53.471,29.17,93,100,11.81
128,La Paz,BO,2021-11-28 22:00:03,-16.5,-68.15,56.57,58,100,5.32
129,Hithadhoo,MV,2021-11-28 22:02:53,-0.6,73.0833,81.27,76,66,17.36
130,Poum,NC,2021-11-28 22:02:53,-20.2333,164.0167,80.38,74,34,3.67
131,Waitati,NZ,2021-11-28 22:02:54,-45.75,170.5667,65.73,51,77,3.11
132,Belaya Gora,RU,2021-11-28 22:02:54,68.5333,146.4167,-20.24,99,100,1.92
133,Ilulissat,GL,2021-11-28 22:02:54,69.2167,-51.1,17.62,62,100,2.3
134,Matara,LK,2021-11-28 22:02:55,5.9485,80.5353,75.11,90,100,3.65
135,Tarko-Sale,RU,2021-11-28 22:02:55,64.9225,77.785,-17.18,100,88,4.63
136,Gorgan,IR,2021-11-28 22:02:56,36.8387,54.4348,59.25,38,3,3.18
137,Anadyr,RU,2021-11-28 22:02:56,64.75,177.4833,1.9,85,90,4.47
138,Dikson,RU,2021-11-28 22:03:57,73.5069,80.5464,-15.52,100,100,12.21
139,Bandarbeyla,SO,2021-11-28 22:03:57,9.4942,50.8122,77.32,76,52,18.48
140,Hay River,CA,2021-11-28 22:03:57,60.8156,-115.7999,6.76,78,90,11.5
141,Constitucion,CL,2021-11-28 22:03:58,-35.3333,-72.4167,62.06,59,7,19.6
142,Coahuayana,MX,2021-11-28 22:03:58,18.7333,-103.6833,92.68,48,0,6.51
143,Bredasdorp,ZA,2021-11-28 22:03:59,-34.5322,20.0403,62.4,82,34,4.74
144,Thompson,CA,2021-11-28 22:03:59,55.7435,-97.8558,3.22,94,63,1.59
145,Bilibino,RU,2021-11-28 22:03:59,68.0546,166.4372,0.45,98,98,2.77
146,Sioux Lookout,CA,2021-11-28 22:04:00,50.1001,-91.917,15.39,94,90,1.77
147,Chapais,CA,2021-11-28 22:04:00,49.7834,-74.8492,9.64,98,99,3.22
148,Leningradskiy,RU,2021-11-28 22:04:00,69.3833,178.4167,-20.9,94,90,11.63
149,Kaohsiung,TW,2021-11-28 21:59:48,22.6163,120.3133,71.55,83,75,5.75
150,Fakel,RU,2021-11-28 22:04:01,57.6325,53.0252,31.37,97,100,10.65
151,Kanniyakumari,IN,2021-11-28 22:04:01,8.0833,77.5667,77.92,86,99,15.01
152,Juan Lacaze,UY,2021-11-28 22:04:01,-34.4342,-57.4381,65.84,90,100,9.73
153,Vila Velha,BR,2021-11-28 22:04:02,-20.3297,-40.2925,78.75,89,75,6.91
154,Bethel,US,2021-11-28 22:04:02,41.3712,-73.414,37.98,75,90,0.0
155,Srednekolymsk,RU,2021-11-28 22:04:03,67.45,153.6833,-32.19,98,100,7.27
156,Camacari,BR,2021-11-28 22:04:03,-12.6975,-38.3242,76.77,95,100,7.2
157,Chokurdakh,RU,2021-11-28 22:04:03,70.6333,147.9167,-39.08,100,82,1.01
158,Besancon,FR,2021-11-28 22:02:52,47.2488,6.0182,36.05,100,99,2.71
159,Gornyatskiy,RU,2021-11-28 22:04:04,48.2915,40.9575,47.16,86,99,10.04
160,Qaanaaq,GL,2021-11-28 22:04:04,77.484,-69.3632,-8.18,75,22,8.46
161,Arcachon,FR,2021-11-28 22:04:05,44.5875,-1.0519,41.32,93,75,3.44
162,Straumen,NO,2021-11-28 22:04:05,63.8709,11.2999,10.35,88,57,3.49
163,Tadine,NC,2021-11-28 22:04:05,-21.55,167.8833,80.02,79,50,12.15
164,Lake Charles,US,2021-11-28 22:00:48,30.2131,-93.2044,60.82,82,75,11.5
165,Atar,MR,2021-11-28 22:04:06,20.5169,-13.0499,64.42,37,4,10.94
166,Champerico,GT,2021-11-28 22:04:06,14.3,-91.9167,90.14,70,57,6.33
167,Porto Novo,BJ,2021-11-28 22:04:06,6.4965,2.6036,80.98,80,77,7.49
168,Rafai,CF,2021-11-28 22:04:07,4.95,23.9167,78.3,45,97,3.15
169,Behshahr,IR,2021-11-28 22:04:07,36.6923,53.5526,56.3,49,10,3.56
170,Richards Bay,ZA,2021-11-28 22:04:08,-28.783,32.0377,71.82,76,4,9.91
171,Lasa,IT,2021-11-28 22:04:08,46.6166,10.7002,30.11,94,100,6.73
172,Mehamn,NO,2021-11-28 22:04:08,71.0357,27.8492,14.18,92,37,16.33
173,Bemidji,US,2021-11-28 22:04:09,47.4736,-94.8803,30.49,51,1,0.0
174,Pisco,PE,2021-11-28 22:04:09,-13.7,-76.2167,68.05,77,0,21.85
175,Esil,KZ,2021-11-28 22:04:10,51.9556,66.4042,12.11,78,100,8.37
176,Jacksonville,US,2021-11-28 22:02:19,30.3322,-81.6556,60.91,50,90,6.91
177,Maceio,BR,2021-11-28 22:01:04,-9.6658,-35.7353,81.84,78,40,6.91
178,Letlhakane,BW,2021-11-28 22:04:10,-21.4167,25.5833,78.91,36,71,5.21
179,Barpeta,IN,2021-11-28 22:04:11,26.3167,91.0,60.28,74,55,5.59
180,Nalut,LY,2021-11-28 22:04:11,30.3333,10.85,53.13,62,5,16.42
181,Abbeville,FR,2021-11-28 22:04:11,50.1,1.8333,37.36,84,69,10.0
182,Mahebourg,MU,2021-11-28 22:04:12,-20.4081,57.7,73.69,83,40,3.44
183,Nosy Varika,MG,2021-11-28 22:04:12,-20.5833,48.5333,69.51,86,99,5.35
184,Havre-Saint-Pierre,CA,2021-11-28 22:04:03,50.2334,-63.5986,34.83,76,100,23.73
185,Pizarro,CO,2021-11-28 22:05:13,4.9533,-77.366,79.59,84,54,7.94
186,Half Moon Bay,US,2021-11-28 22:05:13,37.4636,-122.4286,69.98,53,1,5.75
187,Anchorage,US,2021-11-28 22:04:57,61.2181,-149.9003,1.44,78,90,4.61
188,Hirara,JP,2021-11-28 22:05:14,24.8,125.2833,68.27,94,75,12.66
189,Zyryanovsk,KZ,2021-11-28 22:05:14,49.7386,84.2719,-5.51,98,13,1.68
190,Ancud,CL,2021-11-28 22:05:14,-41.8697,-73.8203,58.53,72,69,8.97
191,Rawson,AR,2021-11-28 22:00:53,-43.3002,-65.1023,76.59,23,51,14.99
192,Skjervoy,NO,2021-11-28 22:05:15,70.0311,20.9714,28.2,63,95,15.32
193,Kieta,PG,2021-11-28 22:00:17,-6.2167,155.6333,82.83,73,100,2.15
194,Balakhta,RU,2021-11-28 22:05:15,55.38,91.6,13.87,93,100,4.83
195,Georgetown,MY,2021-11-28 22:00:17,5.4112,100.3354,76.93,94,20,0.0
196,Acapulco,MX,2021-11-28 22:03:35,16.8634,-99.8901,85.82,66,75,5.75
197,Douglas,US,2021-11-28 22:02:42,41.3,-96.167,49.87,46,1,6.91
198,Santiago Del Estero,AR,2021-11-28 22:05:16,-27.7951,-64.2615,86.4,22,0,10.33
199,Sao Joao Da Barra,BR,2021-11-28 22:05:17,-21.6403,-41.0511,73.69,89,95,1.05
200,Huejuquilla El Alto,MX,2021-11-28 22:05:17,22.6,-103.8667,73.0,34,70,4.5
201,Luanda,AO,2021-11-28 22:02:25,-8.8368,13.2343,78.8,73,75,5.75
202,Klaksvik,FO,2021-11-28 22:05:18,62.2266,-6.589,34.72,63,100,7.96
203,Makakilo City,US,2021-11-28 22:05:18,21.3469,-158.0858,82.72,54,20,10.36
204,College,US,2021-11-28 22:05:18,64.8569,-147.8028,-18.74,69,75,0.0
205,Upernavik,GL,2021-11-28 22:05:19,72.7868,-56.1549,-9.2,78,10,9.82
206,Tulagi,SB,2021-11-28 22:05:19,-9.0996,160.1476,82.85,72,91,6.42
207,Buala,SB,2021-11-28 22:05:19,-8.145,159.5921,83.79,74,81,7.07
208,Lompoc,US,2021-11-28 22:05:20,34.6391,-120.4579,82.54,33,1,10.36
209,Joshimath,IN,2021-11-28 22:05:20,30.5667,79.5667,45.86,23,0,7.58
210,Nicoya,CR,2021-11-28 22:01:26,10.1483,-85.452,80.2,76,55,8.41
211,Kuytun,RU,2021-11-28 22:05:21,54.3419,101.5036,19.53,87,100,10.04
212,Ploemeur,FR,2021-11-28 22:05:21,47.7333,-3.4333,41.59,100,90,4.61
213,La Primavera,CO,2021-11-28 22:05:21,5.4906,-70.4092,82.72,70,95,5.46
214,Hobro,DK,2021-11-28 22:05:22,56.6431,9.7903,37.63,82,100,15.3
215,Ballina,AU,2021-11-28 22:05:22,-28.8667,153.5667,71.78,82,99,9.06
216,Zubtsov,RU,2021-11-28 22:05:22,56.1753,34.5894,32.58,98,100,4.25
217,Kavieng,PG,2021-11-28 22:05:23,-2.5744,150.7967,82.4,77,58,7.92
218,Kuching,MY,2021-11-28 22:05:23,1.55,110.3333,73.62,100,40,2.3
219,Wajima,JP,2021-11-28 22:05:23,37.4,136.9,46.06,64,100,6.2
220,Malinovskiy,RU,2021-11-28 22:05:24,61.1953,62.8397,25.47,95,100,9.04
221,Iqaluit,CA,2021-11-28 22:05:24,63.7506,-68.5145,21.15,76,100,11.21
222,Port Lincoln,AU,2021-11-28 22:05:25,-34.7333,135.8667,63.54,64,1,7.07
223,Carnarvon,AU,2021-11-28 22:05:25,-24.8667,113.6333,75.27,64,0,12.66
224,Sampit,ID,2021-11-28 22:05:25,-2.5333,112.95,70.38,97,98,2.13
225,Skagen,DK,2021-11-28 22:05:26,57.7209,10.5839,36.57,76,100,25.14
226,Guerrero Negro,MX,2021-11-28 22:03:09,27.9769,-114.0611,77.77,34,0,9.95
227,Flagstaff,US,2021-11-28 22:05:26,35.1981,-111.6513,61.75,23,1,11.5
228,Vila Franca Do Campo,PT,2021-11-28 22:05:27,37.7167,-25.4333,59.41,66,94,5.06
229,Delmas,HT,2021-11-28 22:06:27,18.5447,-72.3028,81.32,69,43,5.75
230,Nouakchott,MR,2021-11-28 22:02:30,18.0858,-15.9785,73.33,31,93,19.46
231,Kenai,US,2021-11-28 22:06:27,60.5544,-151.2583,6.89,85,90,8.05
232,Puerto Penasco,MX,2021-11-28 22:06:28,31.3167,-113.5333,76.42,35,0,9.51
233,Nome,US,2021-11-28 22:06:28,64.5011,-165.4064,-20.13,69,1,3.44
234,Lodwar,KE,2021-11-28 22:06:29,3.1191,35.5973,80.98,59,92,14.79
235,Cherskiy,RU,2021-11-28 22:06:29,68.75,161.3,-13.92,99,100,6.51
236,Port Elizabeth,ZA,2021-11-28 22:06:29,-33.918,25.5701,65.32,80,27,15.55
237,Belyy Yar,RU,2021-11-28 22:06:30,53.6039,91.3903,21.09,63,0,4.47
238,Imphal,IN,2021-11-28 22:06:30,24.8167,93.95,51.13,90,17,2.64
239,Flateby,NO,2021-11-28 22:06:30,59.8333,11.1667,22.08,81,96,4.92
240,Baykit,RU,2021-11-28 22:06:31,61.67,96.37,15.37,96,100,2.64
241,Ahipara,NZ,2021-11-28 22:04:06,-35.1667,173.1667,69.8,62,94,2.59
242,Longyearbyen,SJ,2021-11-28 22:06:31,78.2186,15.6401,10.24,67,75,13.8
243,Juybar,IR,2021-11-28 22:06:31,36.6412,52.9124,54.45,66,7,2.95
244,Nishihara,JP,2021-11-28 22:06:32,26.1842,127.7558,69.85,80,90,16.11
245,Batagay-Alyta,RU,2021-11-28 22:06:32,67.8006,130.4114,-20.92,93,98,4.16
246,Ribeira Grande,PT,2021-11-28 22:01:45,38.5167,-28.7,62.33,59,93,4.21
247,Geraldton,AU,2021-11-28 22:06:33,-28.7667,114.6,64.81,94,90,11.5
248,Rongcheng,CN,2021-11-28 22:06:33,30.634,117.8517,52.43,88,62,1.36
249,Xingyi,CN,2021-11-28 22:06:34,24.1877,102.817,46.18,99,23,2.33
250,Charlestown,AU,2021-11-28 22:06:34,-32.95,151.6667,64.18,76,97,5.5
251,Fairbanks,US,2021-11-28 22:02:00,64.8378,-147.7164,-13.58,98,100,1.34
252,Gigmoto,PH,2021-11-28 22:06:34,13.7796,124.39,80.4,87,97,10.16
253,Avera,US,2021-11-28 22:06:35,33.194,-82.5271,57.07,39,89,8.05
254,Donskoye,RU,2021-11-28 22:06:35,45.4552,41.9741,48.87,58,100,6.93
255,Karratha,AU,2021-11-28 22:06:36,-20.7377,116.8463,81.59,60,28,2.95
256,Torbay,CA,2021-11-28 22:05:30,47.6666,-52.7314,44.91,76,79,12.37
257,Beringovskiy,RU,2021-11-28 22:06:36,63.05,179.3167,5.67,94,98,4.9
258,San Cristobal,VE,2021-11-28 22:06:37,7.7669,-72.225,75.38,69,52,1.1
259,Los Chiles,CR,2021-11-28 22:06:37,11.0333,-84.7167,77.38,92,53,5.86
260,Bafra,TR,2021-11-28 22:06:37,41.5678,35.9069,51.58,79,60,4.36
261,Cidreira,BR,2021-11-28 22:06:38,-30.1811,-50.2056,71.51,89,100,10.29
262,Barretos,BR,2021-11-28 22:05:45,-20.5572,-48.5678,79.02,59,80,2.48
263,Jaciara,BR,2021-11-28 22:06:38,-15.9653,-54.9683,78.87,78,71,5.08
264,Dillon,US,2021-11-28 22:06:38,34.4166,-79.3712,58.98,37,99,5.03
265,Avarua,CK,2021-11-28 22:06:39,-21.2078,-159.775,80.65,61,40,3.44
266,Saint-Joseph,RE,2021-11-28 22:06:39,-21.3667,55.6167,73.78,86,35,5.91
267,Caranavi,BO,2021-11-28 22:06:39,-15.8167,-67.55,67.93,96,100,2.15
268,Kosh-Agach,RU,2021-11-28 22:06:40,50.0,88.6667,4.89,91,17,3.47
269,Lai,TD,2021-11-28 22:06:40,9.3952,16.2989,77.72,19,70,3.18
270,Codrington,AU,2021-11-28 22:06:40,-38.2667,141.9667,62.04,60,0,6.98
271,Lubango,AO,2021-11-28 22:06:41,-14.9172,13.4925,63.57,52,99,1.79
272,Urkut,HU,2021-11-28 22:06:41,47.085,17.6439,33.96,87,100,10.92
273,Pocking,DE,2021-11-28 22:06:42,48.4,13.3167,29.88,96,99,2.19
274,Dali,CN,2021-11-28 22:07:42,25.7,100.1833,42.71,81,1,1.99
275,Malakal,SS,2021-11-28 22:07:42,9.5334,31.6605,83.62,36,7,1.7
276,Bilma,NE,2021-11-28 22:07:43,18.6853,12.9164,75.38,16,100,7.09
277,Kalininsk,RU,2021-11-28 22:07:43,51.5,44.4758,38.37,97,100,6.58
278,Anse-Bertrand,GP,2021-11-28 22:07:43,16.4721,-61.5078,80.42,77,74,12.55
279,Karasburg,NA,2021-11-28 22:07:44,-28.0167,18.75,66.24,38,1,8.03
280,Coquimbo,CL,2021-11-28 22:07:44,-29.9533,-71.3436,64.13,72,0,16.11
281,Manggar,ID,2021-11-28 22:07:44,-2.8833,108.2667,79.2,84,100,10.92
282,Palmares Do Sul,BR,2021-11-28 22:07:45,-30.2578,-50.5097,72.32,85,100,10.0
283,Boma,GH,2021-11-28 22:07:45,7.0805,-2.1697,78.08,70,63,3.29
284,Dickinson,US,2021-11-28 22:07:45,29.4608,-95.0513,60.89,83,90,10.36
285,Saldanha,ZA,2021-11-28 22:07:46,-33.0117,17.9442,62.78,85,42,5.99
286,Luderitz,NA,2021-11-28 22:07:46,-26.6481,15.1594,60.94,84,15,8.81
287,Katsuura,JP,2021-11-28 22:07:47,35.1333,140.3,42.91,55,11,2.06
288,Arroio Grande,BR,2021-11-28 22:07:47,-32.2375,-53.0869,67.17,95,100,7.09
289,Hamilton,US,2021-11-28 22:07:47,39.1834,-84.5333,44.04,33,1,11.5
290,Henties Bay,NA,2021-11-28 22:07:48,-22.116,14.2845,59.77,92,0,8.01
291,Esperance,AU,2021-11-28 22:07:48,-33.8667,121.9,64.24,86,96,17.18
292,Samfya,ZM,2021-11-28 22:07:48,-11.3649,29.5565,70.43,69,34,4.47
293,Kamenskiy,RU,2021-11-28 22:07:49,50.8855,45.488,38.68,99,100,6.71
294,San Carlos Del Zulia,VE,2021-11-28 22:07:49,9.0,-71.9135,79.77,85,95,5.46
295,Brownsville,US,2021-11-28 22:02:57,25.9018,-97.4975,73.51,49,1,6.91
296,Coari,BR,2021-11-28 22:07:50,-4.085,-63.1414,77.68,91,78,1.39
297,Yar-Sale,RU,2021-11-28 22:07:50,66.8333,70.8333,-4.92,94,100,8.61
298,Hobyo,SO,2021-11-28 22:07:50,5.3505,48.5268,81.5,75,54,16.08
299,Kulu,TR,2021-11-28 22:07:51,39.0951,33.0799,50.88,78,6,10.8
300,Fairlie,GB,2021-11-28 22:07:51,55.756,-4.8556,30.02,67,38,3.98
301,Norman Wells,CA,2021-11-28 22:07:51,65.282,-126.8329,-21.96,69,75,0.0
302,Gomel,BY,2021-11-28 22:07:52,52.4345,30.9754,40.96,94,100,9.22
303,Nandgaon,IN,2021-11-28 22:07:52,20.3167,74.65,66.67,42,82,5.23
304,Ozinki,RU,2021-11-28 22:07:52,51.1786,49.6769,33.55,81,100,10.31
305,Arawa,PG,2021-11-28 22:07:53,-6.2132,155.5367,83.07,75,100,2.37
306,Abu Samrah,SY,2021-11-28 22:07:53,35.3029,37.1841,60.17,59,7,6.67
307,Molchanovo,RU,2021-11-28 22:07:54,57.5817,83.7692,18.07,95,100,7.47
308,Balaguer,ES,2021-11-28 22:07:54,41.7912,0.8109,40.68,79,56,6.29
309,San Felipe,VE,2021-11-28 22:07:54,10.3399,-68.7425,76.26,83,92,5.39
310,Upata,VE,2021-11-28 22:07:55,8.0086,-62.3989,72.36,93,68,4.72
311,Aksu,CN,2021-11-28 22:07:55,41.1231,80.2644,25.56,61,6,3.2
312,Mandalgovi,MN,2021-11-28 22:07:55,45.7625,106.2708,14.94,82,57,13.58
313,Souillac,MU,2021-11-28 22:07:56,-20.5167,57.5167,73.78,83,40,3.44
314,Portel,BR,2021-11-28 22:07:56,-1.9356,-50.8211,81.09,69,96,3.69
315,Dunedin,NZ,2021-11-28 22:07:56,-45.8742,170.5036,62.28,54,79,3.49
316,Buenos Aires,AR,2021-11-28 22:05:00,-34.6132,-58.3772,64.13,94,90,8.05
317,Anina,RO,2021-11-28 22:07:57,45.0794,21.8569,47.35,80,87,12.55
318,Odessa,UA,2021-11-28 22:07:57,46.4775,30.7326,53.53,100,90,8.95
319,Sarankhola,BD,2021-11-28 22:07:57,22.3082,89.7897,61.14,66,75,4.27
320,Amarante Do Maranhao,BR,2021-11-28 22:08:58,-5.5667,-46.7422,78.1,76,100,0.07
321,Hovd,MN,2021-11-28 22:08:58,48.0056,91.6419,15.26,36,9,1.32
322,Aklavik,CA,2021-11-28 22:08:59,68.2191,-135.0107,-10.25,87,100,18.1
323,Tuatapere,NZ,2021-11-28 22:08:59,-46.1333,167.6833,61.23,41,18,3.13
324,Jardim,BR,2021-11-28 22:08:59,-21.4803,-56.1381,85.1,56,45,5.91
325,Cadiz,ES,2021-11-28 22:09:00,36.5,-5.75,53.06,62,3,1.74
326,Creel,MX,2021-11-28 22:09:00,27.75,-107.6333,52.5,45,100,12.55
327,Montepuez,MZ,2021-11-28 22:09:00,-13.1256,38.9997,69.15,82,68,6.11
328,Vestmanna,FO,2021-11-28 22:09:01,62.1564,-7.1664,32.92,86,90,1.14
329,Atambua,ID,2021-11-28 22:09:01,-9.1061,124.8925,75.72,80,100,2.06
330,Furstenfeld,AT,2021-11-28 22:09:01,47.05,16.0833,34.65,99,100,3.18
331,Qaqortoq,GL,2021-11-28 22:09:02,60.7167,-46.0333,36.1,97,100,10.58
332,Eydhafushi,MV,2021-11-28 22:09:02,5.1033,73.0708,79.74,82,100,14.14
333,Isangel,VU,2021-11-28 22:09:03,-19.55,169.2667,82.42,72,100,8.19
334,Labuhan,ID,2021-11-28 22:09:03,-6.8844,112.2051,75.25,92,100,2.42
335,Touros,BR,2021-11-28 22:04:12,-5.1989,-35.4608,83.3,78,49,11.18
336,Mount Isa,AU,2021-11-28 22:09:04,-20.7333,139.5,78.57,27,40,9.22
337,Kaduy,RU,2021-11-28 22:05:53,59.2,37.15,19.96,96,98,3.94
338,Aykino,RU,2021-11-28 22:09:04,62.2248,49.9922,30.18,98,100,5.35
339,Wana,PK,2021-11-28 22:09:04,32.2989,69.5725,48.43,39,1,4.61
340,Birin,NP,2021-11-28 22:09:05,26.8865,88.0718,47.75,62,12,5.35
341,Nelson Bay,AU,2021-11-28 22:09:05,-32.7167,152.15,64.45,73,100,5.12
342,Jiuquan,CN,2021-11-28 22:08:41,39.7432,98.5174,16.88,64,0,4.5
343,Itarema,BR,2021-11-28 22:09:06,-2.9248,-39.9167,81.19,78,23,15.93
344,Solnechnyy,RU,2021-11-28 22:09:06,50.7214,136.6319,12.87,94,100,3.71
345,Leshukonskoye,RU,2021-11-28 22:09:06,64.8989,45.7622,11.95,93,100,6.87
346,Tautira,PF,2021-11-28 22:09:07,-17.7333,-149.15,80.62,80,93,19.01
347,Potosi,BO,2021-11-28 22:04:54,-19.5836,-65.7531,48.94,76,84,12.55
348,Manyana,BW,2021-11-28 22:09:07,-23.4,21.7167,74.46,44,2,8.08
349,Te Anau,NZ,2021-11-28 22:06:35,-45.4167,167.7167,63.27,41,18,1.1
350,Brewster,US,2021-11-28 22:09:08,41.3973,-73.6171,36.19,75,90,0.0
351,Inuvik,CA,2021-11-28 22:09:08,68.3499,-133.7218,-9.49,96,100,16.84
352,Les Cayes,HT,2021-11-28 22:09:09,18.2,-73.75,80.56,71,62,2.89
353,Benghazi,LY,2021-11-28 22:06:27,32.1167,20.0667,78.19,38,99,28.72
354,Dalhousie,IN,2021-11-28 22:09:09,32.5333,75.9833,40.06,29,0,7.81
355,Gizo,SB,2021-11-28 22:09:09,-8.103,156.8419,84.31,70,97,7.36
356,Hualmay,PE,2021-11-28 22:09:10,-11.0964,-77.6139,68.99,78,80,10.42
357,Novoaleksandrovsk,RU,2021-11-28 22:09:10,45.4948,41.2207,49.35,69,100,8.59
358,Shasta Lake,US,2021-11-28 22:09:10,40.6804,-122.3708,70.52,53,86,1.48
359,Ponta Do Sol,PT,2021-11-28 22:09:11,32.6667,-17.1,63.23,78,40,8.93
360,Vila Do Maio,CV,2021-11-28 22:09:11,15.1333,-23.2167,75.99,73,82,22.3
361,Opuwo,NA,2021-11-28 22:09:11,-18.0607,13.84,69.06,27,72,4.68
362,Brandfort,ZA,2021-11-28 22:09:12,-28.7001,26.4597,61.57,33,11,8.05
363,Alto Araguaia,BR,2021-11-28 22:09:12,-17.3147,-53.2153,74.68,83,72,5.86
364,Minab,IR,2021-11-28 22:09:12,27.1467,57.0801,69.3,81,10,1.88
365,Portland,US,2021-11-28 22:08:10,45.5234,-122.6762,62.53,61,75,10.36
366,Ginir,ET,2021-11-28 22:10:13,7.1333,40.7,61.7,63,78,4.41
367,Qiyang,CN,2021-11-28 22:10:13,26.5911,111.8474,52.21,72,12,2.64
368,Joutseno,FI,2021-11-28 22:10:14,61.118,28.5076,19.45,84,100,11.16
369,Grand Gaube,MU,2021-11-28 22:10:14,-20.0064,57.6608,73.8,69,5,7.83
370,Tomatlan,MX,2021-11-28 22:10:14,19.9333,-105.25,84.81,49,86,6.06
371,Haines Junction,CA,2021-11-28 22:10:15,60.7522,-137.5108,-16.65,76,99,2.3
372,Kurchum,KZ,2021-11-28 22:10:15,48.5722,83.6542,7.43,82,3,3.22
373,Gazanjyk,TM,2021-11-28 22:10:15,39.2446,55.5154,49.8,43,75,9.1
374,Vasilyevo,RU,2021-11-28 22:10:16,55.836,48.6582,32.67,99,100,8.34
375,Tashtyp,RU,2021-11-28 22:10:16,52.7939,89.8983,15.91,84,90,5.68
376,Ulaanbaatar,MN,2021-11-28 22:10:16,47.9077,106.8832,-3.87,77,75,2.24
377,Sao Goncalo,BR,2021-11-28 22:08:36,-22.8156,-43.0411,75.02,83,75,10.36
378,Tura,IN,2021-11-28 22:10:17,25.5198,90.2201,58.93,61,5,3.51
379,Irbil,IQ,2021-11-28 22:10:17,36.1926,44.0106,56.28,52,9,3.2
380,Coswig,DE,2021-11-28 22:10:18,51.1333,13.5833,35.01,86,40,5.75
381,Comodoro Rivadavia,AR,2021-11-28 22:10:18,-45.8667,-67.5,71.46,26,0,29.93
382,Shabo,UA,2021-11-28 22:10:18,46.1326,30.386,54.05,92,100,12.97
383,Lazaro Cardenas,MX,2021-11-28 22:10:19,17.9583,-102.2,83.71,58,5,9.24
384,Tigil,RU,2021-11-28 22:10:19,57.8,158.6667,-3.71,94,99,5.32
385,Mundo Nuevo,MX,2021-11-28 22:10:19,18.7,-95.5,76.53,80,99,13.29
386,Chililabombwe,ZM,2021-11-28 22:10:20,-12.3648,27.8229,64.02,78,10,3.36
387,Boguchany,RU,2021-11-28 22:10:20,58.3814,97.4531,24.4,87,100,13.42
388,Akdepe,TM,2021-11-28 22:10:20,42.0551,59.3788,24.8,51,56,6.55
389,Pavilosta,LV,2021-11-28 22:10:21,56.8879,21.1859,33.71,92,100,8.84
390,Tiksi,RU,2021-11-28 22:05:23,71.6872,128.8694,-14.3,99,99,6.49
391,Evinayong,GQ,2021-11-28 22:10:21,1.4368,10.5512,68.16,96,97,0.89
392,Vanimo,PG,2021-11-28 22:10:22,-2.6741,141.3028,78.8,87,99,5.44
393,Taos,US,2021-11-28 22:10:22,36.4072,-105.5731,58.6,23,1,4.61
394,Kloulklubed,PW,2021-11-28 22:10:22,7.0419,134.2556,84.0,70,60,11.45
395,Kalemie,CD,2021-11-28 22:10:23,-5.9475,29.1947,70.79,77,17,2.46
396,Los Llanos De Aridane,ES,2021-11-28 22:10:23,28.6585,-17.9182,60.55,82,75,14.97
397,Xichang,CN,2021-11-28 22:07:56,27.8964,102.2634,44.92,85,26,1.3
398,Aswan,EG,2021-11-28 22:07:58,24.0934,32.907,75.65,32,21,8.05
399,Maniitsoq,GL,2021-11-28 22:10:24,65.4167,-52.9,36.86,98,100,25.57
400,Niono,ML,2021-11-28 22:10:25,14.2526,-5.993,81.9,16,4,9.22
401,Otaru,JP,2021-11-28 22:10:25,43.1894,141.0022,41.2,75,100,8.01
402,Qianan,CN,2021-11-28 22:10:25,44.9932,124.0581,17.11,91,51,5.97
403,Miri,MY,2021-11-28 22:10:26,4.4148,114.0089,75.51,94,100,2.19
404,Meulaboh,ID,2021-11-28 22:07:15,4.1363,96.1285,74.41,90,100,4.38
405,Bayreuth,DE,2021-11-28 22:10:26,49.9481,11.5783,31.6,98,73,1.79
406,Ukiah,US,2021-11-28 22:10:26,39.1502,-123.2078,73.29,46,1,0.0
407,Awbari,LY,2021-11-28 22:10:27,26.5921,12.7805,70.65,30,100,7.54
408,Clyde River,CA,2021-11-28 22:10:27,70.4692,-68.5914,-3.77,84,95,18.41
409,Soyo,AO,2021-11-28 22:10:27,-6.1349,12.3689,78.42,90,88,5.77
410,Kaitangata,NZ,2021-11-28 22:05:32,-46.2817,169.8464,63.05,42,98,6.53
411,Qunduz,AF,2021-11-28 22:10:28,36.729,68.857,48.56,68,51,2.01
412,Crown Point,US,2021-11-28 22:11:28,41.417,-87.3653,38.77,38,1,11.5
413,Mayuge,UG,2021-11-28 22:11:29,0.4597,33.4803,64.65,91,60,0.92
414,Margate,GB,2021-11-28 22:11:29,51.3813,1.3862,31.86,79,32,24.2
415,Pevek,RU,2021-11-28 22:11:29,69.7008,170.3133,1.96,92,100,1.95
416,Bereda,ES,2021-11-28 22:10:28,43.2686,-7.5406,47.95,96,100,6.04
417,Namatanai,PG,2021-11-28 22:11:30,-3.6667,152.4333,82.67,74,70,5.99
418,Vershino-Darasunskiy,RU,2021-11-28 22:11:30,52.35,115.5167,-0.49,95,99,2.77
419,Swan Hill,AU,2021-11-28 22:09:11,-35.3378,143.5544,71.58,50,0,5.61
420,Pantai Remis,MY,2021-11-28 22:11:31,4.4557,100.6288,76.42,88,100,3.53
421,Ngunguru,NZ,2021-11-28 22:11:31,-35.6167,174.5,66.78,69,97,5.28
422,Biltine,TD,2021-11-28 22:11:31,14.5333,20.9167,76.48,16,1,8.46
423,Olafsvik,IS,2021-11-28 22:11:32,64.8945,-23.7142,39.6,94,98,12.57
424,Bulgan,MN,2021-11-28 22:11:32,48.8125,103.5347,10.9,77,55,5.73
425,Jining,CN,2021-11-28 22:11:32,35.405,116.5814,45.41,87,6,3.04
426,Santo Antonio De Jesus,BR,2021-11-28 22:11:33,-12.9689,-39.2614,71.17,98,94,2.1
427,Qandala,SO,2021-11-28 22:11:33,11.472,49.8728,77.38,57,58,3.56
428,Kulhudhuffushi,MV,2021-11-28 22:11:33,6.6221,73.07,79.56,81,95,11.72
429,Verkhniy Avzyan,RU,2021-11-28 22:11:34,53.5289,57.5372,15.64,89,100,2.35
430,Bonoua,CI,2021-11-28 22:11:34,5.2741,-3.595,78.42,85,97,4.85
431,Iquique,CL,2021-11-28 22:11:35,-20.2208,-70.1431,66.24,76,92,5.37
432,Becerril,CO,2021-11-28 22:11:35,9.7041,-73.2793,83.7,72,81,2.73
433,Sao Filipe,CV,2021-11-28 22:11:36,14.8961,-24.4956,76.64,71,97,14.63
434,Waren,DE,2021-11-28 22:11:36,53.5167,12.6833,35.29,93,100,4.56
435,Banjar,ID,2021-11-28 22:11:36,-8.19,114.9675,75.06,93,100,1.92
436,Cartagena,CO,2021-11-28 22:11:37,10.3997,-75.5144,87.42,66,75,9.22
437,Karabuk,TR,2021-11-28 22:11:37,41.2049,32.6277,52.5,72,71,4.0
438,Eureka,US,2021-11-28 22:11:37,40.8021,-124.1637,54.21,83,62,5.79
439,Punta Alta,AR,2021-11-28 22:11:38,-38.8759,-62.0736,65.77,72,54,12.35
440,Cedar City,US,2021-11-28 22:11:38,37.6775,-113.0619,58.17,23,1,0.0
441,Southbridge,US,2021-11-28 22:11:39,42.0751,-72.0334,34.18,95,94,2.44
442,Gambela,ET,2021-11-28 22:11:39,8.25,34.5833,78.37,54,50,3.98
443,Kushima,JP,2021-11-28 22:11:39,31.4583,131.2333,49.48,79,43,5.53
444,Hailar,CN,2021-11-28 22:11:40,49.2,119.7,3.31,95,90,6.42
445,Ust-Omchug,RU,2021-11-28 22:11:40,61.15,149.6333,-9.78,99,100,6.55
446,Sokoto,NG,2021-11-28 22:11:40,13.0609,5.239,77.13,14,68,9.17
447,Zonguldak,TR,2021-11-28 22:11:41,41.25,31.8333,50.25,61,93,5.77
448,Cap Malheureux,MU,2021-11-28 22:11:41,-19.9842,57.6142,73.89,70,5,8.1
449,Santarem,BR,2021-11-28 22:11:41,-2.4431,-54.7083,84.33,74,0,5.75
450,Wewak,PG,2021-11-28 22:11:42,-3.5534,143.6268,79.99,86,95,4.97
451,Adrar,MR,2021-11-28 22:11:42,20.5022,-10.0711,60.93,35,0,10.83
452,Kingaroy,AU,2021-11-28 22:11:42,-26.5333,151.8333,66.24,100,90,9.22
453,Novovasylivka,UA,2021-11-28 22:11:43,46.8315,35.7536,49.57,98,96,6.46
454,Teguldet,RU,2021-11-28 22:11:43,57.3064,88.1667,18.99,93,100,9.71
455,Chipurupalle,IN,2021-11-28 22:11:44,18.3,83.5667,69.42,73,90,3.42
456,Hatillo,PR,2021-11-28 22:12:44,18.4863,-66.8254,79.36,83,46,11.05
457,Hasaki,JP,2021-11-28 22:12:44,35.7333,140.8333,34.2,47,3,2.28
458,Asyut,EG,2021-11-28 22:12:45,27.181,31.1837,72.43,21,81,4.97
459,Faya,SA,2021-11-28 22:12:45,18.3851,42.4509,52.32,39,0,5.44
460,Caravelas,BR,2021-11-28 22:12:45,-17.7125,-39.2481,74.62,94,62,12.01
461,Megion,RU,2021-11-28 22:12:46,61.0296,76.1136,19.42,96,100,9.13
462,Marsala,IT,2021-11-28 22:12:46,37.7966,12.4352,55.54,65,95,24.49
463,Porto Santo,PT,2021-11-28 22:12:46,33.072,-16.3415,62.98,67,40,10.36
464,Jerez,GT,2021-11-28 22:12:47,14.1,-89.75,84.65,37,0,4.61
465,Constantine,DZ,2021-11-28 22:12:47,36.365,6.6147,40.66,67,33,15.61
466,Sidi Ali,DZ,2021-11-28 22:12:47,36.0998,0.4206,51.94,50,13,18.25
467,Pokosnoye,RU,2021-11-28 22:12:12,55.5258,101.0536,20.97,92,100,12.62
468,Ekibastuz,KZ,2021-11-28 22:09:30,51.6667,75.3667,9.01,77,50,5.93
469,Pistsovo,RU,2021-11-28 22:12:48,57.179,40.5298,33.1,97,100,5.7
470,Cockburn Town,TC,2021-11-28 22:12:48,21.4612,-71.1419,78.76,73,40,5.75
471,Saint Anthony,US,2021-11-28 22:12:49,45.0205,-93.218,38.35,31,1,6.91
472,Tengzhou,CN,2021-11-28 22:12:49,35.0771,117.1518,47.44,86,50,2.48
473,Namwala,ZM,2021-11-28 22:12:50,-15.7504,26.4384,71.55,50,43,4.9
474,La Libertad,EC,2021-11-28 22:12:50,-2.2333,-80.9,73.06,83,90,12.66
475,Dakar,SN,2021-11-28 22:10:08,14.6937,-17.4441,76.08,67,87,24.49
476,Manono,CD,2021-11-28 22:12:50,-7.3,27.4167,69.98,90,83,0.49
477,Davila,PH,2021-11-28 22:12:51,18.4726,120.5763,79.12,76,75,4.74
478,Karpogory,RU,2021-11-28 22:09:26,64.0019,44.4451,8.58,95,100,6.46
479,Egvekinot,RU,2021-11-28 22:12:51,66.3167,-179.1667,-5.39,98,100,1.12
480,Zhovti Vody,UA,2021-11-28 22:12:52,48.3473,33.5003,51.46,98,100,8.01
481,Chiredzi,ZW,2021-11-28 22:12:52,-21.05,31.6667,71.8,56,0,4.99
482,Nea Makri,GR,2021-11-28 22:12:52,38.0833,23.9833,67.78,63,20,8.05
483,Umaria,IN,2021-11-28 22:08:08,23.5333,80.8333,55.31,48,99,2.51
484,Marquette,US,2021-11-28 22:11:39,46.5333,-87.6335,29.64,83,80,9.66
485,Saint-Augustin,CA,2021-11-28 22:12:53,51.226,-58.6502,34.2,85,99,23.0
486,Nyrob,RU,2021-11-28 22:12:53,60.733,56.7202,28.06,96,100,10.54
487,Porbandar,IN,2021-11-28 22:12:54,21.6422,69.6093,77.0,63,78,3.94
488,Strangnas,SE,2021-11-28 22:07:57,59.3774,17.0312,23.41,69,23,8.32
489,Bacolod,PH,2021-11-28 22:12:54,10.6667,122.95,76.53,85,31,6.62
490,Chimbote,PE,2021-11-28 22:12:55,-9.0853,-78.5783,68.54,81,100,9.28
491,Umba,RU,2021-11-28 22:12:55,66.6871,34.3429,4.23,95,19,4.99
492,Lerwick,GB,2021-11-28 22:12:55,60.1545,-1.1494,32.0,53,92,6.58
493,Beloha,MG,2021-11-28 22:12:56,-25.1667,45.05,64.0,66,3,15.5
494,Ayan,RU,2021-11-28 22:12:56,56.45,138.1667,6.58,71,8,17.43
495,Samana,DO,2021-11-28 22:12:56,19.2056,-69.3369,82.36,83,13,7.18
496,Terney,RU,2021-11-28 22:12:57,45.0503,136.6092,33.24,71,81,7.67
497,Ponta Delgada,PT,2021-11-28 22:12:57,37.7333,-25.6667,59.72,77,75,8.05
498,Pacific Grove,US,2021-11-28 22:12:57,36.6177,-121.9166,78.48,40,1,5.75
499,Pangai,TO,2021-11-28 22:12:58,-19.8,-174.35,78.69,60,4,19.33
500,Chernyshevskiy,RU,2021-11-28 22:12:58,63.0128,112.4714,-20.31,100,100,1.95
501,Barentu,ER,2021-11-28 22:12:58,15.1139,37.5928,74.16,49,0,8.12
502,Omemee,CA,2021-11-28 22:12:59,44.299,-78.5599,27.09,93,90,5.75
503,Atbasar,KZ,2021-11-28 22:13:59,51.8,68.3333,5.02,86,100,4.43
504,Shinuhayr,AM,2021-11-28 22:13:59,39.4367,46.3179,41.7,79,24,9.6
505,Kjollefjord,NO,2021-11-28 22:14:00,70.9457,27.3465,14.05,91,30,18.05
506,Kahului,US,2021-11-28 22:14:00,20.8947,-156.47,82.42,57,40,17.27
507,Nemuro,JP,2021-11-28 22:14:01,43.3236,145.575,42.4,70,7,11.21
508,Andenes,NO,2021-11-28 22:14:01,69.3143,16.1194,26.58,93,75,3.44
509,Vigeland,NO,2021-11-28 22:14:01,58.0844,7.305,28.49,72,100,16.04
510,Laon,FR,2021-11-28 22:14:02,49.5667,3.6667,35.85,97,100,10.18
511,Goderich,CA,2021-11-28 22:14:02,43.7501,-81.7165,34.12,86,100,8.05
512,Gbarnga,LR,2021-11-28 22:14:02,6.9956,-9.4722,74.88,86,61,2.71
513,Kununurra,AU,2021-11-28 22:14:03,-15.7667,128.7333,80.58,83,58,0.0
514,Port Keats,AU,2021-11-28 22:14:03,-14.25,129.55,82.26,71,100,2.71
515,Ceres,US,2021-11-28 22:14:04,37.5949,-120.9577,70.38,45,1,5.75
516,Takab,IR,2021-11-28 22:14:04,36.4009,47.1133,40.14,87,40,4.94
517,Tingi,TZ,2021-11-28 22:10:16,-11.3,35.0333,64.72,77,4,3.2
518,Burns Lake,CA,2021-11-28 22:14:04,54.2331,-125.7533,40.42,76,54,6.91
519,Pecos,US,2021-11-28 22:14:05,31.4229,-103.4932,65.23,25,1,0.0
520,Tari,NG,2021-11-28 22:14:05,12.4086,4.4914,79.07,15,100,11.03
521,Panyutyne,UA,2021-11-28 22:14:05,48.9333,36.2833,48.0,98,100,5.84
522,Elbistan,TR,2021-11-28 22:14:06,38.2059,37.1983,46.38,87,18,2.62
523,Simao,CN,2021-11-28 22:14:06,22.7886,100.9748,55.31,95,95,1.52
524,San Roque,ES,2021-11-28 22:14:06,36.2107,-5.3842,54.43,58,20,14.97
525,Canmore,CA,2021-11-28 22:14:07,51.0834,-115.3521,50.49,100,76,5.75
526,Wilkie,CA,2021-11-28 22:14:07,52.4168,-108.7014,28.78,96,77,4.16
527,Prince Rupert,CA,2021-11-28 22:09:21,54.3161,-130.3201,39.29,75,90,8.05
528,Charters Towers,AU,2021-11-28 22:14:08,-20.1,146.2667,80.46,68,37,12.19
529,Kirkwood,US,2021-11-28 22:14:08,38.5834,-90.4068,49.39,31,20,11.5
530,Cabedelo,BR,2021-11-28 22:14:08,-6.9811,-34.8339,81.27,76,35,9.6
531,Roebourne,AU,2021-11-28 22:14:09,-20.7833,117.1333,81.79,60,32,3.02
532,Okara,PK,2021-11-28 22:14:09,30.8081,73.4458,60.19,32,0,3.94
533,Boa Vista,BR,2021-11-28 22:14:09,2.8197,-60.6733,87.78,48,20,10.36
534,Yerbogachen,RU,2021-11-28 22:14:10,61.2767,108.0108,-1.97,100,100,2.89
535,Vao,NC,2021-11-28 22:14:10,-22.6667,167.4833,76.12,87,21,20.76
536,Pangnirtung,CA,2021-11-28 22:14:10,66.1451,-65.7125,15.33,77,100,8.57
537,Nouadhibou,MR,2021-11-28 22:14:11,20.931,-17.0347,66.18,77,100,24.16
538,Nador,MA,2021-11-28 22:14:11,35.174,-2.9287,55.65,62,40,17.27
539,Quatre Cocos,MU,2021-11-28 22:14:11,-20.2078,57.7625,73.51,70,4,4.92
540,Merke,KZ,2021-11-28 22:14:12,42.8728,73.1786,33.37,53,11,6.17
541,Lynn Haven,US,2021-11-28 22:10:16,30.2455,-85.6483,57.18,82,90,0.0
542,Benjamin Constant,BR,2021-11-28 22:14:13,-4.3831,-70.0311,86.13,70,20,3.44
543,Ayr,GB,2021-11-28 22:14:13,55.4627,-4.6339,30.09,93,0,2.3
544,Rio De Janeiro,BR,2021-11-28 22:11:43,-22.9028,-43.2075,75.2,83,75,10.36
545,Rincon,US,2021-11-28 22:14:13,32.296,-81.2354,58.91,35,90,9.22
546,Kindu,CD,2021-11-28 22:14:14,-2.95,25.95,69.04,98,100,0.87
547,Svetlyy,RU,2021-11-28 22:15:14,54.675,20.1347,33.85,90,100,8.77
548,Whitehorse,CA,2021-11-28 22:15:15,60.7161,-135.0538,-3.23,77,20,8.05
549,Goundam,ML,2021-11-28 22:15:15,16.4145,-3.6708,80.6,19,100,11.34
550,Gubakha,RU,2021-11-28 22:15:15,58.8386,57.5532,25.97,95,100,10.04
551,Launceston,AU,2021-11-28 22:15:16,-41.45,147.1667,58.64,67,0,11.5
552,Sikonge,TZ,2021-11-28 22:15:16,-5.6333,32.7667,72.84,51,83,3.02
553,Flinders,AU,2021-11-28 22:15:16,-34.5833,150.8552,63.14,64,68,1.1
554,Alice Springs,AU,2021-11-28 22:15:17,-23.7,133.8833,69.35,46,0,0.0
555,Maragogi,BR,2021-11-28 22:15:17,-9.0122,-35.2225,80.15,82,28,13.13
556,Biak,ID,2021-11-28 22:15:17,-0.9131,122.8766,76.23,83,100,4.21
557,Tarakan,ID,2021-11-28 22:15:18,3.3,117.6333,76.5,88,90,5.75
558,Pemangkat,ID,2021-11-28 22:15:18,1.1667,108.9667,75.65,83,90,5.14
559,Mirandela,PT,2021-11-28 22:15:19,41.4874,-7.187,49.41,82,79,10.96
560,Byron Bay,AU,2021-11-28 22:14:49,-28.65,153.6167,75.15,79,92,9.48
561,Hambantota,LK,2021-11-28 22:15:19,6.1241,81.1185,76.71,88,99,6.31
562,Ixtapa,MX,2021-11-28 22:15:20,20.7,-105.2,81.63,61,40,10.36
563,Acarau,BR,2021-11-28 22:15:20,-2.8856,-40.12,81.25,78,19,16.78
564,Beyneu,KZ,2021-11-28 22:15:20,45.3167,55.2,35.58,45,57,8.79
565,Strunino,RU,2021-11-28 22:15:21,56.3833,38.5667,28.54,98,100,3.42
