City_ID,City,Lat,Lng,Max Temp,Humidity,Cloudiness,Wind Speed,Country,Date,Current Description
0,Codrington,-38.2667,141.9667,63.12,44,0,14.05,AU,2021-12-05 01:56:45,clear sky
1,Albany,42.6001,-73.9662,38.68,74,51,8.86,US,2021-12-05 01:52:01,broken clouds
2,Hilo,19.7297,-155.09,70.25,96,90,3.44,US,2021-12-05 01:56:45,light rain
3,Port Alfred,-33.5906,26.891,67.68,94,100,26.44,ZA,2021-12-05 01:56:46,light rain
4,Hobart,-42.8794,147.3294,73.02,48,40,1.99,AU,2021-12-05 01:53:25,scattered clouds
5,Cherskiy,68.75,161.3,-38.2,100,73,3.33,RU,2021-12-05 01:56:47,broken clouds
6,Yerbogachen,61.2767,108.0108,2.84,81,100,14.56,RU,2021-12-05 01:56:47,overcast clouds
7,Tezu,27.9167,96.1667,70.97,46,18,0.36,IN,2021-12-05 01:56:48,few clouds
8,Tuktoyaktuk,69.4541,-133.0374,-23.8,69,1,6.91,CA,2021-12-05 01:56:48,clear sky
9,Mahebourg,-20.4081,57.7,77.29,83,75,9.22,MU,2021-12-05 01:56:49,broken clouds
10,Pevek,69.7008,170.3133,-27.69,100,32,2.75,RU,2021-12-05 01:56:49,scattered clouds
11,Mataura,-46.1927,168.8643,51.48,99,100,5.99,NZ,2021-12-05 01:56:50,light rain
12,Rikitea,-23.1203,-134.9692,76.23,71,87,10.11,PF,2021-12-05 01:56:50,overcast clouds
13,Bambous Virieux,-20.3428,57.7575,77.25,83,75,9.22,MU,2021-12-05 01:56:51,broken clouds
14,Katangli,51.7102,143.2326,13.21,83,62,13.6,RU,2021-12-05 01:56:51,broken clouds
15,Thompson,55.7435,-97.8558,-11.04,84,40,3.44,CA,2021-12-05 01:56:52,scattered clouds
16,Tenenkou,14.4572,-4.9169,73.49,16,94,9.95,ML,2021-12-05 01:56:52,overcast clouds
17,Busselton,-33.65,115.3333,77.04,33,14,9.42,AU,2021-12-05 01:56:53,few clouds
18,New Norfolk,-42.7826,147.0587,72.66,31,0,3.0,AU,2021-12-05 01:56:53,clear sky
19,Punta Arenas,-53.15,-70.9167,48.31,57,20,12.66,CL,2021-12-05 01:56:54,few clouds
20,Puerto Ayora,-0.7393,-90.3518,68.56,91,43,5.44,EC,2021-12-05 01:56:55,scattered clouds
21,Ericeira,38.9627,-9.4156,55.35,96,11,17.54,PT,2021-12-05 01:56:55,few clouds
22,Cape Town,-33.9258,18.4232,62.28,90,90,5.01,ZA,2021-12-05 01:52:46,light rain
23,Cabo San Lucas,22.8909,-109.9124,78.51,73,99,7.4,MX,2021-12-05 01:56:56,overcast clouds
24,Sidney,-33.8679,151.2073,66.61,73,75,3.0,AU,2021-12-05 01:53:17,broken clouds
25,Ushuaia,-54.8,-68.3,47.86,53,40,23.02,AR,2021-12-05 01:56:56,scattered clouds
26,Atuona,-9.8,-139.0333,78.76,73,4,16.46,PF,2021-12-05 01:56:57,clear sky
27,Cayenne,4.9333,-52.3333,75.24,92,75,0.0,GF,2021-12-05 01:56:57,light rain
28,Qaanaaq,77.484,-69.3632,1.87,65,93,8.66,GL,2021-12-05 01:56:58,overcast clouds
29,Saint-Philippe,-21.3585,55.7679,76.59,83,39,13.09,RE,2021-12-05 01:56:58,scattered clouds
30,Pundaguitan,6.3711,126.1689,81.39,75,91,6.85,PH,2021-12-05 01:56:59,overcast clouds
31,Saint George,37.1041,-113.5841,57.54,35,0,1.01,US,2021-12-05 01:56:59,clear sky
32,Dobre Miasto,53.9867,20.3975,30.88,94,100,4.0,PL,2021-12-05 01:57:00,overcast clouds
33,Ketchikan,55.3422,-131.6461,27.16,86,46,4.43,US,2021-12-05 01:54:39,scattered clouds
34,Hamilton,39.1834,-84.5333,43.41,65,0,5.57,US,2021-12-05 01:56:42,clear sky
35,Dikson,73.5069,80.5464,-14.55,98,100,18.54,RU,2021-12-05 01:57:01,overcast clouds
36,Flinders,-34.5833,150.8552,66.18,71,92,12.26,AU,2021-12-05 01:57:01,overcast clouds
37,Bengkulu,-3.8004,102.2655,76.77,86,100,5.66,ID,2021-12-05 01:57:02,overcast clouds
38,Tilichiki,60.4667,166.1,5.22,94,100,10.98,RU,2021-12-05 01:57:03,overcast clouds
39,Hithadhoo,-0.6,73.0833,81.43,80,67,13.2,MV,2021-12-05 01:57:04,broken clouds
40,Hambantota,6.1241,81.1185,75.54,100,45,3.44,LK,2021-12-05 01:57:04,fog
41,Christchurch,-43.5333,172.6333,79.0,50,90,5.01,NZ,2021-12-05 01:56:09,overcast clouds
42,Vaini,-21.2,-175.2,84.36,74,75,10.36,TO,2021-12-05 01:57:05,broken clouds
43,Georgetown,5.4112,100.3354,81.9,77,20,8.99,MY,2021-12-05 01:52:56,few clouds
44,Clonakilty,51.6231,-8.8706,40.21,68,2,16.51,IE,2021-12-05 01:56:14,light rain
45,Butaritari,3.0707,172.7902,83.21,78,100,20.62,KI,2021-12-05 01:57:06,overcast clouds
46,Carnarvon,-24.8667,113.6333,78.87,73,0,5.75,AU,2021-12-05 01:58:06,clear sky
47,Hasaki,35.7333,140.8333,50.29,54,7,15.68,JP,2021-12-05 01:58:07,clear sky
48,Norman Wells,65.282,-126.8329,-41.76,66,20,3.44,CA,2021-12-05 01:58:07,few clouds
49,Karratha,-20.7377,116.8463,102.85,18,58,14.27,AU,2021-12-05 01:58:08,broken clouds
50,Talnakh,69.4865,88.3972,-30.8,99,100,5.93,RU,2021-12-05 01:58:08,overcast clouds
51,Adrar,20.5022,-10.0711,63.05,20,100,11.1,MR,2021-12-05 01:58:08,overcast clouds
52,Bluff,-46.6,168.3333,51.8,80,100,10.85,NZ,2021-12-05 01:58:09,overcast clouds
53,Aragarcas,-15.8975,-52.2508,75.74,84,70,2.06,BR,2021-12-05 01:58:09,broken clouds
54,Chokurdakh,70.6333,147.9167,-40.81,100,54,2.42,RU,2021-12-05 01:58:09,broken clouds
55,Olafsvik,64.8945,-23.7142,36.23,83,100,22.73,IS,2021-12-05 01:58:10,overcast clouds
56,Bethel,41.3712,-73.414,43.54,77,94,8.57,US,2021-12-05 01:58:10,overcast clouds
57,Vao,-22.6667,167.4833,76.93,84,100,15.99,NC,2021-12-05 01:58:10,overcast clouds
58,Bundaberg,-24.85,152.35,87.22,57,75,5.99,AU,2021-12-05 01:58:11,broken clouds
59,Adiake,5.2863,-3.304,81.99,84,94,5.46,CI,2021-12-05 01:58:11,light rain
60,Cidreira,-30.1811,-50.2056,70.29,82,100,18.79,BR,2021-12-05 01:58:12,overcast clouds
61,Margate,51.3813,1.3862,40.96,85,100,4.0,GB,2021-12-05 01:58:12,light rain
62,Loanda,-8.8368,13.2343,77.11,84,100,6.8,AO,2021-12-05 01:54:36,light rain
63,Port Lincoln,-34.7333,135.8667,64.0,61,100,9.13,AU,2021-12-05 01:58:13,overcast clouds
64,Chuy,-33.6971,-53.4616,63.64,93,100,7.9,UY,2021-12-05 01:58:13,overcast clouds
65,Homer,59.6425,-151.5483,19.78,89,97,3.53,US,2021-12-05 01:58:14,overcast clouds
66,Khatanga,71.9667,102.5,-22.77,97,100,10.38,RU,2021-12-05 01:58:14,overcast clouds
67,Kodiak,57.79,-152.4072,25.7,83,98,4.7,US,2021-12-05 01:58:14,overcast clouds
68,Hermanus,-34.4187,19.2345,60.91,92,100,20.24,ZA,2021-12-05 01:58:15,moderate rain
69,Upernavik,72.7868,-56.1549,23.86,69,100,4.63,GL,2021-12-05 01:58:15,overcast clouds
70,Adre,13.4667,22.2,68.83,27,5,9.04,TD,2021-12-05 01:58:15,clear sky
71,Nikolskoye,59.7035,30.7861,10.29,93,95,6.08,RU,2021-12-05 01:58:16,overcast clouds
72,Sao Joao Da Barra,-21.6403,-41.0511,72.41,81,0,3.98,BR,2021-12-05 01:58:16,clear sky
73,Starogard Gdanski,53.964,18.5264,33.12,94,100,3.51,PL,2021-12-05 01:58:17,overcast clouds
74,Puertollano,38.6871,-4.1073,47.19,92,52,7.87,ES,2021-12-05 01:58:17,broken clouds
75,Torbay,47.6666,-52.7314,30.58,55,1,24.16,CA,2021-12-05 01:58:17,clear sky
76,Faanui,-16.4833,-151.75,81.45,63,51,13.87,PF,2021-12-05 01:58:18,broken clouds
77,Fort Nelson,58.8053,-122.7002,-17.01,83,20,2.3,CA,2021-12-05 01:58:18,few clouds
78,Dunedin,-45.8742,170.5036,54.81,66,100,3.0,NZ,2021-12-05 01:58:19,light rain
79,Petropavlovsk-Kamchatskiy,53.0452,158.6483,28.99,40,40,15.66,RU,2021-12-05 01:58:19,scattered clouds
80,Mar Del Plata,-38.0023,-57.5575,61.09,85,75,1.99,AR,2021-12-05 01:57:28,light rain
81,Lazaro Cardenas,17.9583,-102.2,77.74,78,87,4.23,MX,2021-12-05 01:58:20,overcast clouds
82,East London,-33.0153,27.9116,68.77,94,100,20.07,ZA,2021-12-05 01:58:20,moderate rain
83,Kautokeino,69.0125,23.0412,-12.89,100,100,5.5,NO,2021-12-05 01:58:20,overcast clouds
84,Gweta,-20.1833,25.2333,81.46,48,99,5.55,BW,2021-12-05 01:58:21,overcast clouds
85,San Cristobal,7.7669,-72.225,73.58,83,92,2.08,VE,2021-12-05 01:58:21,overcast clouds
86,Castro,-24.7911,-50.0119,59.14,97,52,5.82,BR,2021-12-05 01:58:21,broken clouds
87,Tiksi,71.6872,128.8694,-19.05,92,100,0.29,RU,2021-12-05 01:58:22,overcast clouds
88,Waitati,-45.75,170.5667,54.81,66,100,10.22,NZ,2021-12-05 01:59:22,light rain
89,Vicuna,-30.0319,-70.7081,51.53,44,26,1.16,CL,2021-12-05 01:55:41,scattered clouds
90,Severo-Kurilsk,50.6789,156.125,32.2,63,83,26.19,RU,2021-12-05 01:59:22,broken clouds
91,Ribeira Grande,38.5167,-28.7,63.93,75,50,12.3,PT,2021-12-05 01:59:23,scattered clouds
92,Gat,31.61,34.7642,60.91,16,99,6.73,IL,2021-12-05 01:59:24,overcast clouds
93,Channel-Port Aux Basques,47.5702,-59.1367,33.06,54,99,23.29,CA,2021-12-05 01:59:24,overcast clouds
94,Ouadda,8.0777,22.4007,71.76,36,57,4.9,CF,2021-12-05 01:59:24,broken clouds
95,Papar,5.7333,115.9333,86.0,78,41,4.68,MY,2021-12-05 01:59:25,scattered clouds
96,Rafina,38.0181,24.006,55.38,92,75,2.3,GR,2021-12-05 01:59:25,broken clouds
97,Leningradskiy,69.3833,178.4167,-21.26,92,51,4.47,RU,2021-12-05 01:59:26,broken clouds
98,Teluk Nibung,3.001,99.8164,79.48,85,100,9.6,ID,2021-12-05 01:59:26,overcast clouds
99,Takoradi,4.8845,-1.7554,79.93,80,100,5.37,GH,2021-12-05 01:59:27,overcast clouds
100,Yulara,-25.2406,130.9889,71.44,46,75,29.93,AU,2021-12-05 01:59:27,light rain
101,Airai,-8.9266,125.4092,72.48,67,100,1.52,TL,2021-12-05 01:59:28,overcast clouds
102,Sarangarh,21.6,83.0833,66.78,70,100,4.14,IN,2021-12-05 01:59:28,overcast clouds
103,Kahului,20.8947,-156.47,72.66,88,100,13.89,US,2021-12-05 01:59:29,overcast clouds
104,Cockburn Town,21.4612,-71.1419,80.67,72,14,22.17,TC,2021-12-05 01:57:00,few clouds
105,Kapaa,22.0752,-159.319,64.49,85,100,6.62,US,2021-12-05 01:59:29,moderate rain
106,Padang,-0.9492,100.3543,77.05,84,100,2.55,ID,2021-12-05 01:59:30,overcast clouds
107,Srednekolymsk,67.45,153.6833,-44.07,100,57,1.45,RU,2021-12-05 01:59:30,broken clouds
108,Provideniya,64.3833,-173.3,27.39,97,100,16.02,RU,2021-12-05 01:59:30,snow
109,Prescott,34.54,-112.4685,52.27,38,0,1.99,US,2021-12-05 01:56:54,clear sky
110,De Aar,-30.6497,24.0123,61.99,86,100,19.22,ZA,2021-12-05 01:59:31,overcast clouds
111,Avarua,-21.2078,-159.775,80.65,83,75,5.75,CK,2021-12-05 01:59:31,broken clouds
112,Vitoria Da Conquista,-14.8661,-40.8394,62.42,98,17,3.89,BR,2021-12-05 01:59:32,few clouds
113,Kaitangata,-46.2817,169.8464,51.12,95,100,11.16,NZ,2021-12-05 01:59:32,overcast clouds
114,Pekalongan,-6.8886,109.6753,84.02,74,98,10.27,ID,2021-12-05 01:59:33,overcast clouds
115,Krasnyy Chikoy,50.3643,108.7512,21.0,93,100,3.11,RU,2021-12-05 01:59:33,light snow
116,Constitucion,-35.3333,-72.4167,60.42,62,0,9.82,CL,2021-12-05 01:59:33,clear sky
117,Clyde River,70.4692,-68.5914,14.23,85,100,41.43,CA,2021-12-05 01:59:34,light snow
118,Poum,-20.2333,164.0167,81.41,72,2,7.4,NC,2021-12-05 01:59:34,clear sky
119,Pangody,65.85,74.4859,-31.25,100,71,0.96,RU,2021-12-05 01:59:35,broken clouds
120,Arraial Do Cabo,-22.9661,-42.0278,72.64,82,3,10.36,BR,2021-12-05 01:54:51,clear sky
121,Yellowknife,62.456,-114.3525,-24.59,93,1,5.75,CA,2021-12-05 01:58:36,clear sky
122,Itarema,-2.9248,-39.9167,79.93,83,65,11.99,BR,2021-12-05 01:59:37,broken clouds
123,Saint-Malo,48.5,-1.8333,42.75,3,100,18.19,FR,2021-12-05 01:59:37,light rain
124,Waipawa,-41.4122,175.5153,68.63,57,53,13.94,NZ,2021-12-05 01:59:38,light rain
125,Whyalla,-33.0333,137.5833,67.89,60,79,10.36,AU,2021-12-05 01:59:38,broken clouds
126,Fortuna,40.5982,-124.1573,51.42,94,90,0.0,US,2021-12-05 01:59:39,overcast clouds
127,Okhotsk,59.3833,143.3,-12.28,87,100,11.74,RU,2021-12-05 01:59:39,overcast clouds
128,Sabla,12.7525,4.7077,71.69,18,20,10.02,NG,2021-12-05 01:59:40,few clouds
129,Yenagoa,4.9247,6.2642,77.68,88,100,4.52,NG,2021-12-05 01:59:40,overcast clouds
130,Pisco,-13.7,-76.2167,66.02,91,100,0.49,PE,2021-12-05 02:00:41,overcast clouds
131,Barrow,71.2906,-156.7887,17.62,67,75,21.85,US,2021-12-05 02:00:41,broken clouds
132,Cairns,-16.9167,145.7667,98.06,44,8,18.41,AU,2021-12-05 01:58:03,clear sky
133,Pacific Grove,36.6177,-121.9166,54.97,83,1,1.99,US,2021-12-05 02:00:42,clear sky
134,Cururupu,-1.8283,-44.8683,75.69,96,99,2.57,BR,2021-12-05 02:00:42,overcast clouds
135,Benavente,42.0025,-5.6783,42.89,77,9,6.26,ES,2021-12-05 02:00:43,clear sky
136,Temir,49.1414,57.13,26.6,79,35,7.52,KZ,2021-12-05 02:00:43,scattered clouds
137,Kruisfontein,-34.0033,24.7314,59.88,97,100,15.1,ZA,2021-12-05 02:00:44,light rain
138,Kropotkin,45.4375,40.5756,49.46,61,100,10.07,RU,2021-12-05 02:00:44,overcast clouds
139,Bhawanipatna,19.9,83.1667,65.17,96,100,2.86,IN,2021-12-05 02:00:44,overcast clouds
140,Nemuro,43.3236,145.575,35.28,53,21,19.71,JP,2021-12-05 02:00:45,few clouds
141,Kerema,-7.9631,145.7785,85.32,68,21,7.67,PG,2021-12-05 02:00:45,few clouds
142,Vostok,46.4856,135.8833,10.06,73,87,5.37,RU,2021-12-05 02:00:46,overcast clouds
143,Iqaluit,63.7506,-68.5145,7.12,85,100,33.15,CA,2021-12-05 02:00:46,overcast clouds
144,Acajutla,13.5928,-89.8275,80.6,69,16,6.44,SV,2021-12-05 02:00:47,few clouds
145,Sorland,67.667,12.6934,28.29,65,11,14.29,NO,2021-12-05 02:00:47,few clouds
146,Bindi,9.9167,-11.45,70.25,43,82,2.19,SL,2021-12-05 02:00:47,broken clouds
147,Roma,43.2128,-75.4557,39.06,86,90,13.8,US,2021-12-05 02:00:48,snow
148,Nishihara,26.1842,127.7558,69.08,43,40,12.66,JP,2021-12-05 02:00:48,scattered clouds
149,Dicabisagan,17.0818,122.4157,72.68,80,100,7.02,PH,2021-12-05 02:00:49,overcast clouds
150,Ostrovnoy,68.0531,39.5131,6.42,95,83,8.57,RU,2021-12-05 02:00:50,broken clouds
151,Sitka,57.0531,-135.33,30.09,86,75,4.61,US,2021-12-05 02:00:50,mist
152,Port Hardy,50.6996,-127.4199,37.76,64,42,14.81,CA,2021-12-05 02:00:51,scattered clouds
153,Lebu,-37.6167,-73.65,53.87,84,0,18.9,CL,2021-12-05 02:00:51,clear sky
154,Avera,33.194,-82.5271,60.71,80,96,4.83,US,2021-12-05 02:00:51,overcast clouds
155,Ilulissat,69.2167,-51.1,35.62,48,100,37.98,GL,2021-12-05 02:00:52,light rain
156,Nykoping,58.753,17.0079,22.86,93,0,8.05,SE,2021-12-05 02:00:52,clear sky
157,Bloomingdale,27.8936,-82.2404,66.06,85,1,0.0,US,2021-12-05 01:58:51,clear sky
158,La Primavera,5.4906,-70.4092,81.72,60,100,5.1,CO,2021-12-05 02:00:53,overcast clouds
159,Port Elizabeth,-33.918,25.5701,62.1,93,100,21.59,ZA,2021-12-05 02:00:15,light rain
160,Inhambane,-23.865,35.3833,76.84,89,0,10.22,MZ,2021-12-05 02:00:54,clear sky
161,Puerto Colombia,10.9878,-74.9547,81.99,79,99,24.11,CO,2021-12-05 02:00:54,overcast clouds
162,Ust-Koksa,50.2696,85.6108,8.17,85,63,1.32,RU,2021-12-05 02:00:55,broken clouds
163,Tutoia,-2.7619,-42.2744,78.55,89,100,9.62,BR,2021-12-05 02:00:55,overcast clouds
164,Baillif,16.0202,-61.7463,74.7,74,41,13.11,GP,2021-12-05 02:00:56,scattered clouds
165,Ambon,-3.6954,128.1814,86.14,70,20,6.91,ID,2021-12-05 02:00:56,few clouds
166,Skala,50.2305,19.8536,34.43,71,75,4.61,PL,2021-12-05 02:00:57,broken clouds
167,Bredasdorp,-34.5322,20.0403,60.28,95,100,18.63,ZA,2021-12-05 02:00:57,heavy intensity rain
168,Victoria,22.2855,114.1577,67.24,50,78,1.01,HK,2021-12-05 02:00:02,broken clouds
169,Naberera,-4.2,36.9333,63.18,85,96,6.33,TZ,2021-12-05 02:00:58,overcast clouds
170,Mandeville,18.0417,-77.5071,67.33,93,100,2.46,JM,2021-12-05 02:00:59,overcast clouds
171,Muslyumovo,55.3033,53.1947,30.31,85,100,10.65,RU,2021-12-05 02:00:59,overcast clouds
172,Aguimes,27.9054,-15.4461,62.65,59,20,12.66,ES,2021-12-05 02:00:59,few clouds
173,Narsaq,60.9167,-46.05,37.62,90,100,11.72,GL,2021-12-05 02:01:00,light rain
174,Thinadhoo,0.5333,72.9333,81.95,80,31,16.46,MV,2021-12-05 02:00:31,scattered clouds
175,Bereda,43.2686,-7.5406,47.95,100,96,6.17,ES,2021-12-05 02:01:01,overcast clouds
176,Vincennes,48.85,2.4333,40.01,90,90,4.0,FR,2021-12-05 02:02:01,overcast clouds
177,Nantucket,41.2835,-70.0995,43.97,65,100,15.21,US,2021-12-05 01:57:13,overcast clouds
178,Hokitika,-42.7167,170.9667,62.13,98,100,17.65,NZ,2021-12-05 02:02:02,light rain
179,Aykhal,66.0,111.5,-25.83,100,100,6.08,RU,2021-12-05 02:02:02,overcast clouds
180,Sesimbra,38.4445,-9.1015,55.31,87,3,11.32,PT,2021-12-05 02:02:02,clear sky
181,Jamestown,42.097,-79.2353,36.09,79,40,3.0,US,2021-12-05 01:57:07,scattered clouds
182,Nome,64.5011,-165.4064,12.27,85,90,14.97,US,2021-12-05 02:02:03,mist
183,Kvitok,56.0724,98.4813,19.83,85,100,12.41,RU,2021-12-05 02:02:03,overcast clouds
184,Harper,4.375,-7.7169,79.09,84,21,6.11,LR,2021-12-05 02:02:04,few clouds
185,Katsuura,35.1333,140.3,54.19,59,52,13.67,JP,2021-12-05 02:02:04,broken clouds
186,Beitbridge,-22.2167,30.0,77.45,54,10,13.73,ZW,2021-12-05 02:02:04,clear sky
187,Sao Gabriel Da Cachoeira,-0.1303,-67.0892,72.46,99,89,0.87,BR,2021-12-05 02:00:17,overcast clouds
188,Esna,25.2934,32.554,62.8,25,33,3.98,EG,2021-12-05 02:02:05,scattered clouds
189,Odweyne,9.4092,45.064,59.63,73,0,10.45,SO,2021-12-05 02:02:06,clear sky
190,Karasjok,69.4719,25.5112,5.11,100,85,5.66,NO,2021-12-05 02:02:06,overcast clouds
191,Tuatapere,-46.1333,167.6833,51.82,90,100,6.53,NZ,2021-12-05 02:02:07,moderate rain
192,Mitsamiouli,-11.3847,43.2844,81.37,77,62,15.79,KM,2021-12-05 02:02:07,broken clouds
193,Meulaboh,4.1363,96.1285,80.94,76,39,3.51,ID,2021-12-05 02:02:08,scattered clouds
194,Abha,18.2164,42.5053,51.24,49,0,1.36,SA,2021-12-05 02:02:08,clear sky
195,Lorengau,-2.0226,147.2712,81.86,85,100,18.95,PG,2021-12-05 02:02:08,heavy intensity rain
196,Komsomolskiy,40.4272,71.7189,38.62,81,99,4.61,UZ,2021-12-05 02:02:09,mist
197,Barguzin,53.6167,109.6167,25.25,86,94,11.95,RU,2021-12-05 02:02:09,light snow
198,Chukhloma,58.7525,42.6825,-0.33,97,42,3.65,RU,2021-12-05 02:02:10,scattered clouds
199,Tasiilaq,65.6145,-37.6368,26.76,88,100,48.5,GL,2021-12-05 02:02:10,snow
200,Palmer,42.1584,-72.3287,39.85,66,75,0.0,US,2021-12-05 02:02:10,broken clouds
201,Haines Junction,60.7522,-137.5108,-23.62,100,11,1.5,CA,2021-12-05 02:02:11,few clouds
202,Usinsk,65.9939,57.5281,-0.89,78,100,3.96,RU,2021-12-05 02:02:11,overcast clouds
203,Dingle,10.9995,122.6711,79.21,78,74,14.83,PH,2021-12-05 02:02:12,broken clouds
204,Poya,-21.35,165.15,84.69,62,35,6.58,NC,2021-12-05 02:02:12,scattered clouds
205,Port Augusta,-32.5,137.7667,79.7,26,100,1.66,AU,2021-12-05 02:02:12,overcast clouds
206,Wadena,46.4425,-95.1361,26.85,80,90,3.44,US,2021-12-05 01:57:14,overcast clouds
207,Rongcheng,30.634,117.8517,54.46,44,0,1.45,CN,2021-12-05 02:02:13,clear sky
208,Saldanha,-33.0117,17.9442,60.19,94,100,10.38,ZA,2021-12-05 02:02:13,light rain
209,Zhicheng,30.2956,111.5047,56.52,51,0,1.57,CN,2021-12-05 02:02:13,clear sky
210,Upata,8.0086,-62.3989,70.39,89,22,3.89,VE,2021-12-05 02:02:14,few clouds
211,Barkot,30.8167,78.2,50.56,47,62,4.16,IN,2021-12-05 02:02:14,broken clouds
212,Saskylakh,71.9167,114.0833,-18.06,98,100,8.3,RU,2021-12-05 02:02:14,overcast clouds
213,Thanatpin,17.2119,96.3033,73.58,76,29,4.74,MM,2021-12-05 02:02:15,scattered clouds
214,Calama,-22.4667,-68.9333,59.49,21,0,6.91,CL,2021-12-05 02:02:15,clear sky
215,Mbini,1.574,9.6134,79.29,86,100,4.07,GQ,2021-12-05 02:02:16,light rain
216,Banda Aceh,5.5577,95.3222,81.12,79,40,9.64,ID,2021-12-05 02:02:16,scattered clouds
217,Krasnyy Yar,46.5331,48.3456,44.53,90,100,10.94,RU,2021-12-05 02:02:16,overcast clouds
218,Moose Factory,51.2585,-80.6094,5.83,93,98,6.69,CA,2021-12-05 02:02:17,overcast clouds
219,Naze,28.3667,129.4833,60.37,62,90,11.79,JP,2021-12-05 02:02:17,overcast clouds
220,Kamaishi,39.2667,141.8833,40.28,51,26,1.41,JP,2021-12-05 02:02:17,scattered clouds
221,Mangrol,21.1167,70.1167,73.08,67,7,10.16,IN,2021-12-05 02:03:18,clear sky
222,Saint-Louis,16.3333,-15.0,79.32,14,100,10.49,SN,2021-12-05 02:02:10,overcast clouds
223,Mount Isa,-20.7333,139.5,100.17,19,40,11.5,AU,2021-12-05 02:03:19,scattered clouds
224,Nuuk,64.1835,-51.7216,43.41,39,75,10.36,GL,2021-12-05 02:03:19,broken clouds
225,Camacha,33.0833,-16.3333,62.02,55,40,17.27,PT,2021-12-05 02:03:19,scattered clouds
226,Santiago Del Estero,-27.7951,-64.2615,70.81,47,100,4.65,AR,2021-12-05 02:01:41,overcast clouds
227,Catalina,32.5056,-110.9211,66.51,32,93,1.01,US,2021-12-05 02:03:20,overcast clouds
228,Udachnyy,66.4167,112.4,-24.65,92,98,20.27,RU,2021-12-05 02:03:20,overcast clouds
229,Tura,25.5198,90.2201,68.18,73,99,1.97,IN,2021-12-05 02:03:21,overcast clouds
230,Yar-Sale,66.8333,70.8333,-21.21,98,15,4.97,RU,2021-12-05 02:03:21,few clouds
231,Gander,48.9682,-54.5906,24.17,68,99,11.01,CA,2021-12-05 02:03:22,light snow
232,Derzhavinsk,51.1,66.3167,15.69,87,100,4.54,KZ,2021-12-05 02:03:22,overcast clouds
233,Morondava,-20.2833,44.2833,78.62,83,2,3.51,MG,2021-12-05 02:03:23,clear sky
234,Sinnamary,5.3833,-52.95,77.18,89,100,8.63,GF,2021-12-05 02:03:23,light rain
235,Kenai,60.5544,-151.2583,8.02,88,90,4.61,US,2021-12-05 02:03:00,light snow
236,Antalaha,-14.9003,50.2788,72.88,89,19,5.73,MG,2021-12-05 02:03:24,few clouds
237,Batagay,67.6333,134.6333,-23.62,97,100,3.18,RU,2021-12-05 02:03:24,overcast clouds
238,Lavrentiya,65.5833,-171.0,26.29,95,100,17.31,RU,2021-12-05 02:03:25,snow
239,Bandarbeyla,9.4942,50.8122,73.51,73,97,12.62,SO,2021-12-05 02:03:26,overcast clouds
240,Orahovac,42.3994,20.6547,35.92,90,46,3.18,XK,2021-12-05 02:03:26,scattered clouds
241,Nanortalik,60.1432,-45.2371,33.75,99,100,20.02,GL,2021-12-05 02:03:27,moderate rain
242,Anadyr,64.75,177.4833,-0.67,97,100,19.82,RU,2021-12-05 02:03:27,snow
243,Catuday,16.2923,119.8062,77.92,59,67,13.29,PH,2021-12-05 02:03:28,broken clouds
244,Klaksvik,62.2266,-6.589,36.52,56,100,19.71,FO,2021-12-05 02:03:28,overcast clouds
245,Huilong,31.8111,121.655,58.98,54,3,6.91,CN,2021-12-05 02:03:29,clear sky
246,Susanville,40.4163,-120.653,39.04,75,1,0.0,US,2021-12-05 02:03:29,clear sky
247,Biak,-0.9131,122.8766,77.81,84,100,3.78,ID,2021-12-05 02:03:29,overcast clouds
248,Ponta Do Sol,32.6667,-17.1,65.03,68,88,8.99,PT,2021-12-05 02:03:30,overcast clouds
249,Prince Rupert,54.3161,-130.3201,28.02,82,15,5.95,CA,2021-12-05 02:02:26,few clouds
250,Longyearbyen,78.2186,15.6401,19.24,73,75,19.57,SJ,2021-12-05 02:03:31,broken clouds
251,Mapiripan,2.8892,-72.1256,75.11,84,100,4.9,CO,2021-12-05 02:03:32,overcast clouds
252,Souillac,-20.5167,57.5167,75.36,75,16,10.69,MU,2021-12-05 02:01:04,few clouds
253,Balkanabat,39.5108,54.3671,45.0,59,0,7.9,TM,2021-12-05 02:03:32,clear sky
254,Dudinka,69.4058,86.1778,-30.39,99,85,7.05,RU,2021-12-05 02:03:33,overcast clouds
255,Birao,10.2849,22.7882,71.73,35,16,5.14,CF,2021-12-05 02:03:33,few clouds
256,Baykit,61.67,96.37,-6.93,96,99,2.3,RU,2021-12-05 02:03:34,overcast clouds
257,Jilib,0.4883,42.7854,74.03,89,26,3.51,SO,2021-12-05 02:03:34,scattered clouds
258,Jiangkou,25.4872,119.1986,62.67,60,58,13.2,CN,2021-12-05 02:03:35,broken clouds
259,Lipin Bor,60.2622,37.9763,-3.59,98,11,5.48,RU,2021-12-05 02:03:35,few clouds
260,Mentougou,39.9392,116.0917,38.34,27,0,0.4,CN,2021-12-05 02:03:36,clear sky
261,Natchez,31.5604,-91.4032,62.89,100,1,0.0,US,2021-12-05 02:03:36,clear sky
262,Sao Filipe,14.8961,-24.4956,75.6,74,100,8.1,CV,2021-12-05 02:03:37,overcast clouds
263,Kununurra,-15.7667,128.7333,100.38,37,100,10.36,AU,2021-12-05 02:02:59,overcast clouds
264,Elko,41.0002,-115.5012,46.63,41,16,7.0,US,2021-12-05 02:03:37,few clouds
265,Kumla,59.1277,15.1434,24.75,93,90,10.36,SE,2021-12-05 02:03:38,overcast clouds
266,Lichtenburg,-26.152,26.1597,59.18,88,100,15.75,ZA,2021-12-05 02:03:39,light rain
267,Port Hueneme,34.1478,-119.1951,61.9,85,1,0.0,US,2021-12-05 02:03:39,clear sky
268,Walvis Bay,-22.9575,14.5053,57.09,80,0,8.84,NA,2021-12-05 02:03:39,clear sky
269,Portland,45.5234,-122.6762,52.77,93,90,3.0,US,2021-12-05 02:03:40,overcast clouds
270,Saveh,35.0213,50.3566,45.32,52,66,0.92,IR,2021-12-05 02:04:40,broken clouds
271,Kailua,21.4022,-157.7394,73.38,73,100,15.21,US,2021-12-05 02:04:41,light rain
272,Haverfordwest,51.8017,-4.9691,46.17,77,78,8.99,GB,2021-12-05 02:04:41,broken clouds
273,Marawi,7.9986,124.2928,72.64,77,99,5.91,PH,2021-12-05 02:04:42,overcast clouds
274,Uvalde,29.3669,-99.767,70.52,69,1,5.75,US,2021-12-05 02:04:42,clear sky
275,Aklavik,68.2191,-135.0107,-24.84,86,4,7.94,CA,2021-12-05 02:04:43,clear sky
276,Los Llanos De Aridane,28.6585,-17.9182,62.35,66,20,11.01,ES,2021-12-05 02:04:07,few clouds
277,Belyy Yar,53.6039,91.3903,18.86,90,96,0.0,RU,2021-12-05 02:04:43,overcast clouds
278,Luderitz,-26.6481,15.1594,58.8,89,8,4.29,NA,2021-12-05 02:04:44,clear sky
279,Beyneu,45.3167,55.2,30.11,83,5,10.85,KZ,2021-12-05 02:00:44,clear sky
280,Binguang,17.4619,121.7828,71.65,85,97,4.54,PH,2021-12-05 02:04:44,overcast clouds
281,Nieuw Amsterdam,5.8833,-55.0833,77.02,90,97,8.25,SR,2021-12-05 02:04:45,overcast clouds
282,Lishu,43.3047,124.3278,35.13,68,6,19.93,CN,2021-12-05 02:04:46,clear sky
283,Xuanzhou,30.9525,118.7553,52.66,46,28,3.98,CN,2021-12-05 02:04:46,scattered clouds
284,Carutapera,-1.195,-46.02,77.22,90,27,4.74,BR,2021-12-05 02:04:47,scattered clouds
285,Bowen,-20.0167,148.2333,85.51,59,0,19.46,AU,2021-12-05 02:04:47,clear sky
286,Goundam,16.4145,-3.6708,70.61,16,65,11.23,ML,2021-12-05 02:04:48,broken clouds
287,Guerrero Negro,27.9769,-114.0611,62.42,83,53,16.82,MX,2021-12-05 02:04:48,broken clouds
288,Saint-Pierre,-21.3393,55.4781,76.68,69,0,9.22,RE,2021-12-05 02:00:03,clear sky
289,Belaya Gora,68.5333,146.4167,-44.52,100,75,1.03,RU,2021-12-05 02:04:49,broken clouds
290,Touros,-5.1989,-35.4608,79.7,80,14,13.04,BR,2021-12-05 02:04:50,few clouds
291,Wajir,1.7471,40.0573,75.6,81,85,13.18,KE,2021-12-05 02:04:51,overcast clouds
292,Tumbi,-5.0667,32.7333,69.55,62,100,9.33,TZ,2021-12-05 02:04:51,overcast clouds
293,Hede,33.7681,120.2517,52.07,50,5,6.91,CN,2021-12-05 02:04:52,clear sky
294,Muros,42.7762,-9.0603,54.23,95,88,15.82,ES,2021-12-05 02:04:52,overcast clouds
295,Ca Mau,9.1769,105.15,74.26,61,46,5.77,VN,2021-12-05 02:04:53,scattered clouds
296,Laguna,38.421,-121.4238,55.96,96,90,0.0,US,2021-12-05 02:04:53,mist
297,Baculin,7.4525,126.5842,83.44,71,100,13.22,PH,2021-12-05 02:04:54,overcast clouds
298,Kihei,20.785,-156.4656,73.42,73,75,13.8,US,2021-12-05 02:04:55,broken clouds
299,Gijon,43.5357,-5.6615,51.01,85,100,10.0,ES,2021-12-05 02:04:55,light rain
300,Bathsheba,13.2167,-59.5167,81.21,69,40,18.41,BB,2021-12-05 02:04:56,scattered clouds
301,Sisimiut,66.9395,-53.6735,37.85,44,100,27.76,GL,2021-12-05 02:04:57,overcast clouds
302,Jiwani,25.05,61.7417,73.96,70,33,6.87,PK,2021-12-05 02:04:57,scattered clouds
303,Kavieng,-2.5744,150.7967,83.14,79,100,11.81,PG,2021-12-05 02:04:57,moderate rain
304,Grand Gaube,-20.0064,57.6608,75.38,76,2,1.99,MU,2021-12-05 02:04:58,clear sky
305,Loandjili,-4.7561,11.8578,77.76,90,100,4.0,CG,2021-12-05 02:04:58,overcast clouds
306,Ouallam,14.3188,2.0866,72.68,15,12,10.02,NE,2021-12-05 02:04:59,few clouds
307,Moa,20.6569,-74.9403,77.11,85,76,10.8,CU,2021-12-05 02:05:00,broken clouds
308,Tupik,54.4253,119.9327,11.52,84,97,1.92,RU,2021-12-05 02:05:00,overcast clouds
309,Skegness,53.1436,0.3363,40.57,87,100,21.7,GB,2021-12-05 02:05:00,overcast clouds
310,Vila Velha,-20.3297,-40.2925,73.35,91,75,1.14,BR,2021-12-05 02:04:48,broken clouds
311,Valparaiso,-33.0393,-71.6273,58.64,88,0,5.75,CL,2021-12-05 02:05:01,clear sky
312,San Patricio,28.017,-97.5169,74.89,81,100,11.16,US,2021-12-05 02:05:02,overcast clouds
313,Billings,45.7833,-108.5007,36.28,74,90,10.36,US,2021-12-05 02:02:56,overcast clouds
314,Namikupa,-10.8333,39.6,70.23,99,50,1.57,TZ,2021-12-05 02:06:02,scattered clouds
315,Balabac,7.9868,117.0645,83.25,76,89,17.49,PH,2021-12-05 02:06:03,overcast clouds
316,Formosa,-26.1775,-58.1781,75.18,73,0,10.36,AR,2021-12-05 02:06:03,clear sky
317,Paamiut,61.994,-49.6678,32.04,99,98,19.84,GL,2021-12-05 02:06:04,snow
318,Liuzhou,24.3126,109.3892,59.81,42,12,5.66,CN,2021-12-05 02:06:04,few clouds
319,Zenica,44.2014,17.9064,34.21,95,89,5.79,BA,2021-12-05 02:06:05,overcast clouds
320,Uryupinsk,50.8047,42.0138,26.62,82,100,6.17,RU,2021-12-05 02:06:05,overcast clouds
321,Gravelbourg,49.8834,-106.5512,25.02,94,100,10.29,CA,2021-12-05 02:06:05,snow
322,Luanda,-8.8368,13.2343,77.11,84,100,6.8,AO,2021-12-05 02:06:06,light rain
323,Rio Grande,-32.035,-52.0986,67.95,80,34,14.2,BR,2021-12-05 02:02:22,scattered clouds
324,Sola,-13.8833,167.55,79.9,78,100,17.13,VU,2021-12-05 02:06:06,overcast clouds
325,Warmbad,-28.45,18.7333,55.36,79,0,10.4,NA,2021-12-05 02:06:07,clear sky
326,Krasnoselkup,65.7,82.4667,-36.18,100,22,4.61,RU,2021-12-05 02:06:07,few clouds
327,Oranjemund,-28.55,16.4333,60.4,88,59,9.42,NA,2021-12-05 02:06:07,broken clouds
328,Rawson,-43.3002,-65.1023,66.78,48,0,27.87,AR,2021-12-05 02:06:08,clear sky
329,Oum Hadjer,13.2954,19.6966,75.04,17,17,10.07,TD,2021-12-05 02:06:08,few clouds
330,Beringovskiy,63.05,179.3167,31.39,99,100,30.69,RU,2021-12-05 02:06:08,snow
331,Hay River,60.8156,-115.7999,-24.52,99,41,6.17,CA,2021-12-05 02:06:09,scattered clouds
332,Guangyuan,32.442,105.823,51.4,56,0,2.26,CN,2021-12-05 02:06:10,clear sky
333,Consuegra,39.4625,-3.608,47.14,85,65,7.56,ES,2021-12-05 02:06:10,broken clouds
334,Esperance,-33.8667,121.9,71.76,51,0,7.72,AU,2021-12-05 02:06:11,clear sky
335,Alta Floresta,-9.8756,-56.0861,72.16,98,95,2.37,BR,2021-12-05 02:06:11,overcast clouds
336,Hisor,38.525,68.5512,40.75,81,100,1.88,TJ,2021-12-05 02:06:12,overcast clouds
337,Ossora,59.2353,163.0719,26.73,97,100,5.57,RU,2021-12-05 02:06:12,light snow
338,Pudozh,61.8099,36.5345,-14.03,98,26,3.4,RU,2021-12-05 02:06:13,scattered clouds
339,Kourou,5.1552,-52.6478,75.25,91,91,6.49,GF,2021-12-05 02:06:13,overcast clouds
340,Porto Velho,-8.7619,-63.9039,75.25,94,100,3.44,BR,2021-12-05 02:06:13,overcast clouds
341,Powell River,49.8496,-124.5361,39.0,74,88,9.71,CA,2021-12-05 02:03:23,overcast clouds
342,Mormugao,15.4,73.8,72.66,94,75,3.44,IN,2021-12-05 02:06:14,fog
343,Vila Franca Do Campo,37.7167,-25.4333,63.19,82,52,1.5,PT,2021-12-05 02:06:14,broken clouds
344,Sabang,5.8933,95.3214,81.93,74,21,12.39,ID,2021-12-05 02:06:14,few clouds
345,Garowe,8.4054,48.4845,65.25,76,58,4.21,SO,2021-12-05 02:06:15,broken clouds
346,Namatanai,-3.6667,152.4333,86.7,67,100,10.45,PG,2021-12-05 02:06:16,light rain
347,Boyolangu,-8.1181,111.8935,80.73,77,100,2.1,ID,2021-12-05 02:06:16,overcast clouds
348,Ngunguru,-35.6167,174.5,76.15,81,40,13.04,NZ,2021-12-05 02:06:17,scattered clouds
349,Vardo,70.3705,31.1107,20.75,77,49,28.25,NO,2021-12-05 02:06:17,scattered clouds
350,Virginia Beach,36.8529,-75.978,51.85,83,40,3.44,US,2021-12-05 02:04:59,scattered clouds
351,Richards Bay,-28.783,32.0377,72.59,96,100,11.83,ZA,2021-12-05 02:06:18,heavy intensity rain
352,Svetlaya,46.5389,138.3297,19.98,60,19,7.09,RU,2021-12-05 02:06:18,few clouds
353,Teknaf,20.8624,92.3058,75.97,67,97,2.68,BD,2021-12-05 02:06:19,overcast clouds
354,Fairbanks,64.8378,-147.7164,-9.08,70,90,0.0,US,2021-12-05 02:06:19,overcast clouds
355,Areado,-21.3586,-46.1456,64.33,88,4,2.98,BR,2021-12-05 02:06:19,clear sky
356,Impfondo,1.6381,18.0667,71.58,96,100,1.68,CG,2021-12-05 02:06:20,light rain
357,Poopo,-18.3667,-66.9667,50.99,62,35,6.17,BO,2021-12-05 02:06:21,scattered clouds
358,Tabou,4.423,-7.3528,79.25,83,17,4.85,CI,2021-12-05 02:06:21,few clouds
359,Svetlogorsk,52.6333,29.7333,29.26,86,100,8.61,BY,2021-12-05 02:06:22,overcast clouds
360,Krabi,8.0726,98.9105,78.91,69,13,10.2,TH,2021-12-05 02:07:22,few clouds
361,Miles City,46.4083,-105.8406,39.51,69,90,16.11,US,2021-12-05 02:07:22,overcast clouds
362,Quirinopolis,-18.4483,-50.4517,74.32,69,77,3.38,BR,2021-12-05 02:03:25,broken clouds
363,Polunochnoye,60.8697,60.4153,-1.62,95,100,7.56,RU,2021-12-05 02:07:23,overcast clouds
364,Shipitsyno,61.2806,46.5208,3.63,93,100,8.93,RU,2021-12-05 02:07:23,overcast clouds
365,Kapuskasing,49.4169,-82.4331,0.36,100,68,4.32,CA,2021-12-05 02:07:24,broken clouds
366,Nyrob,60.733,56.7202,23.45,96,100,5.32,RU,2021-12-05 02:07:25,light snow
367,Rakai,-0.72,31.4839,63.57,89,100,2.57,UG,2021-12-05 02:07:25,overcast clouds
368,Lensk,60.7253,114.9278,17.67,91,100,12.62,RU,2021-12-05 02:07:26,light snow
369,Te Anau,-45.4167,167.7167,47.37,96,100,6.87,NZ,2021-12-05 02:04:41,light rain
370,Kudahuvadhoo,2.6708,72.8944,81.97,77,12,11.99,MV,2021-12-05 02:07:27,few clouds
371,Cartagena,10.3997,-75.5144,80.22,89,40,3.44,CO,2021-12-05 02:07:28,scattered clouds
372,Ugoofaaru,5.6667,73.0,82.24,75,39,8.81,MV,2021-12-05 02:07:28,scattered clouds
373,Nouadhibou,20.931,-17.0347,65.93,71,100,15.17,MR,2021-12-05 02:07:28,overcast clouds
374,Polyarnyy,69.1989,33.4478,4.77,94,42,9.24,RU,2021-12-05 02:07:29,scattered clouds
375,Alofi,-19.0595,-169.9187,79.68,77,82,1.63,NU,2021-12-05 02:07:29,broken clouds
376,Chornobay,49.6708,32.3239,29.48,83,67,6.02,UA,2021-12-05 02:07:30,broken clouds
377,Maryville,35.7565,-83.9705,61.66,88,75,1.01,US,2021-12-05 02:05:19,broken clouds
378,Ornskoldsvik,63.2909,18.7153,9.55,85,37,5.75,SE,2021-12-05 02:07:31,scattered clouds
379,Port Blair,11.6667,92.75,81.21,74,62,11.81,IN,2021-12-05 02:07:31,broken clouds
380,Ayan,56.45,138.1667,10.99,59,12,3.38,RU,2021-12-05 02:07:32,few clouds
381,Ararangua,-28.9347,-49.4858,71.87,89,77,6.91,BR,2021-12-05 02:07:32,broken clouds
382,Tondano,1.3038,124.9112,69.89,87,100,6.33,ID,2021-12-05 02:07:33,overcast clouds
383,Taltal,-25.4,-70.4833,63.88,73,29,1.32,CL,2021-12-05 02:07:34,scattered clouds
384,Grindavik,63.8424,-22.4338,32.47,69,0,17.27,IS,2021-12-05 02:07:34,clear sky
385,Bayan,46.0833,127.4,26.74,75,3,15.61,CN,2021-12-05 02:07:35,clear sky
386,Glenwood Springs,39.5505,-107.3248,45.63,64,1,10.36,US,2021-12-05 02:07:36,clear sky
387,Vestmannaeyjar,63.4427,-20.2734,39.13,68,98,24.63,IS,2021-12-05 02:07:37,overcast clouds
388,Hualmay,-11.0964,-77.6139,66.69,86,100,7.54,PE,2021-12-05 02:07:37,overcast clouds
389,Sao Felix Do Xingu,-6.6447,-51.995,72.59,98,100,0.92,BR,2021-12-05 02:07:38,overcast clouds
390,Manicore,-5.8092,-61.3003,73.92,97,67,1.88,BR,2021-12-05 02:07:39,broken clouds
391,West Bay,19.3667,-81.4167,80.67,82,75,3.0,KY,2021-12-05 02:07:40,broken clouds
392,Nazarovo,56.0064,90.3914,18.79,87,100,10.36,RU,2021-12-05 02:07:41,overcast clouds
393,Tsybli,49.9948,31.5628,23.14,82,99,7.54,UA,2021-12-05 02:07:41,overcast clouds
394,San Pedro,14.35,121.0167,83.32,63,97,16.84,PH,2021-12-05 02:07:42,overcast clouds
395,Zhigansk,66.7697,123.3711,-13.76,97,100,11.92,RU,2021-12-05 02:07:42,light snow
396,Luwuk,-0.9516,122.7875,78.87,87,100,3.36,ID,2021-12-05 02:07:43,overcast clouds
397,Narasannapeta,18.4167,84.05,70.7,91,100,6.49,IN,2021-12-05 02:07:43,overcast clouds
398,Yeppoon,-23.1333,150.7333,85.78,65,9,14.34,AU,2021-12-05 02:07:44,clear sky
399,Thessalon,46.2501,-83.5666,28.69,78,100,18.03,CA,2021-12-05 02:07:44,light snow
400,Puerto Escondido,15.85,-97.0667,79.63,69,1,0.0,MX,2021-12-05 02:06:04,clear sky
401,Wanning,18.8003,110.3967,71.29,64,96,14.79,CN,2021-12-05 02:07:45,overcast clouds
402,Chumikan,54.7183,135.315,9.61,73,99,30.62,RU,2021-12-05 02:07:46,overcast clouds
403,Marzuq,14.4,46.4667,56.44,37,0,1.32,YE,2021-12-05 02:07:46,clear sky
404,Ola,59.5833,151.2833,2.64,91,100,7.67,RU,2021-12-05 02:07:47,overcast clouds
405,Port Hawkesbury,45.6169,-61.3485,29.7,79,1,5.99,CA,2021-12-05 02:08:48,clear sky
406,Edd,13.9297,41.6925,78.85,49,0,16.35,ER,2021-12-05 02:08:48,clear sky
407,Lompoc,34.6391,-120.4579,54.32,82,1,3.44,US,2021-12-05 02:08:49,clear sky
408,Shimoda,34.6667,138.95,49.1,60,82,12.59,JP,2021-12-05 02:08:49,broken clouds
409,Nhulunbuy,-12.2333,136.7667,84.81,61,40,8.05,AU,2021-12-05 02:08:50,light rain
410,Chake Chake,-5.2459,39.7666,75.52,87,5,4.05,TZ,2021-12-05 02:08:51,light rain
411,Jacareacanga,-6.2222,-57.7528,73.67,98,100,0.85,BR,2021-12-05 02:08:51,overcast clouds
412,Miandrivazo,-19.5167,45.4667,82.18,65,39,0.49,MG,2021-12-05 02:08:52,scattered clouds
413,Qasigiannguit,68.8193,-51.1922,35.85,41,100,36.04,GL,2021-12-05 02:08:52,light rain
414,Deputatskiy,69.3,139.9,-36.26,94,98,2.19,RU,2021-12-05 02:08:52,overcast clouds
415,Beidao,34.5686,105.8933,43.77,34,0,0.25,CN,2021-12-05 02:08:53,clear sky
416,Tazovskiy,67.4667,78.7,-30.8,100,56,4.54,RU,2021-12-05 02:08:54,broken clouds
417,Nabire,-3.3667,135.4833,85.51,66,100,1.41,ID,2021-12-05 02:08:54,overcast clouds
418,Rameswaram,9.2833,79.3,81.68,73,0,5.97,IN,2021-12-05 02:08:55,clear sky
419,Tuburan,6.6439,122.2736,82.09,76,63,10.94,PH,2021-12-05 02:08:55,broken clouds
420,Ancud,-41.8697,-73.8203,54.93,81,0,3.29,CL,2021-12-05 02:08:56,clear sky
421,Macusani,-14.0833,-70.4333,37.58,92,90,5.12,PE,2021-12-05 02:08:57,overcast clouds
422,Leua,48.2156,18.6071,33.37,97,100,8.46,SK,2021-12-05 02:08:57,light snow
423,Batagay-Alyta,67.8006,130.4114,-23.21,99,100,2.04,RU,2021-12-05 02:08:58,overcast clouds
424,Khani,41.9563,42.9566,44.17,46,97,8.32,GE,2021-12-05 02:08:58,overcast clouds
425,Muscat,23.6139,58.5922,68.02,63,30,7.0,OM,2021-12-05 02:08:59,scattered clouds
426,Inongo,-1.95,18.2667,69.93,92,100,3.13,CD,2021-12-05 02:09:00,overcast clouds
427,Durban,-29.8579,31.0292,70.92,95,100,1.99,ZA,2021-12-05 02:08:44,overcast clouds
428,Plettenberg Bay,-34.0527,23.3716,62.91,96,100,15.21,ZA,2021-12-05 02:09:01,moderate rain
429,Wahiawa,21.5028,-158.0236,70.12,73,90,0.0,US,2021-12-05 02:09:01,light rain
430,Tual,-5.6667,132.75,82.13,82,100,15.88,ID,2021-12-05 02:07:16,overcast clouds
431,Iskateley,67.6803,53.1512,17.13,87,90,8.81,RU,2021-12-05 02:09:02,overcast clouds
432,Chalchihuites,23.4833,-103.8833,58.6,38,98,3.89,MX,2021-12-05 02:09:02,overcast clouds
433,Santa Maria,-29.6842,-53.8069,69.84,80,83,10.04,BR,2021-12-05 02:09:03,broken clouds
434,Seymchan,62.8833,152.4333,-40.0,100,92,0.87,RU,2021-12-05 02:09:03,overcast clouds
435,Westport,41.1415,-73.3579,46.22,75,1,1.01,US,2021-12-05 02:07:02,clear sky
436,Mendoza,-32.8908,-68.8272,63.55,73,96,2.57,AR,2021-12-05 02:09:04,overcast clouds
437,Panaba,21.2833,-88.2667,68.13,86,3,7.11,MX,2021-12-05 02:09:05,clear sky
438,Tacuarembo,-31.7333,-55.9833,68.07,73,93,9.8,UY,2021-12-05 02:09:05,overcast clouds
439,Korla,41.7597,86.1469,26.62,57,98,1.34,CN,2021-12-05 02:09:06,overcast clouds
440,Fort Frances,48.5999,-93.4003,15.06,79,1,3.44,CA,2021-12-05 02:09:06,clear sky
441,Oktyabrskiy,54.4815,53.471,30.85,92,100,7.85,RU,2021-12-05 02:09:07,light snow
442,Zalesovo,53.9939,84.7431,14.34,98,100,3.89,RU,2021-12-05 02:09:07,overcast clouds
443,Fergus Falls,46.283,-96.0776,27.16,93,90,7.0,US,2021-12-05 02:09:07,light snow
444,Ellisras,-23.6649,27.7443,71.56,79,100,6.17,ZA,2021-12-05 02:09:08,overcast clouds
445,College,64.8569,-147.8028,-9.09,70,75,0.0,US,2021-12-05 02:09:09,broken clouds
446,Ahipara,-35.1667,173.1667,73.89,68,29,12.19,NZ,2021-12-05 02:09:09,scattered clouds
447,Aripuana,-9.1667,-60.6333,73.33,93,94,2.42,BR,2021-12-05 02:09:09,light rain
448,Camocim,-2.9022,-40.8411,77.43,88,87,9.46,BR,2021-12-05 02:09:10,overcast clouds
449,Novikovo,51.1537,37.8879,26.78,82,69,3.96,RU,2021-12-05 02:10:10,broken clouds
450,Hofn,64.2539,-15.2082,29.57,59,46,8.95,IS,2021-12-05 02:10:11,scattered clouds
451,Berlevag,70.8578,29.0864,16.61,85,70,23.67,NO,2021-12-05 02:10:11,broken clouds
452,Bima,-8.4667,118.7167,78.71,91,100,2.21,ID,2021-12-05 02:10:12,overcast clouds
453,Saint-Francois,46.4154,3.9054,38.48,87,40,5.75,FR,2021-12-05 02:10:12,scattered clouds
454,Phalombe,-15.8064,35.6507,72.1,55,6,3.47,MW,2021-12-05 02:10:12,clear sky
455,Denpasar,-8.65,115.2167,82.06,83,40,11.5,ID,2021-12-05 02:10:00,scattered clouds
456,Namibe,-15.1961,12.1522,69.17,73,37,4.03,AO,2021-12-05 02:10:13,scattered clouds
457,Gizo,-8.103,156.8419,84.27,73,98,4.76,SB,2021-12-05 02:10:13,overcast clouds
458,Turukhansk,65.8167,87.9833,-28.88,100,100,2.24,RU,2021-12-05 02:10:13,overcast clouds
459,Asau,46.4333,26.4,30.96,81,100,4.47,RO,2021-12-05 02:10:14,overcast clouds
460,Erzin,36.9559,36.2,54.12,50,2,9.17,TR,2021-12-05 02:10:14,clear sky
461,El Silencio,10.5,-66.9167,68.85,83,75,4.61,VE,2021-12-05 02:10:15,broken clouds
462,Yarada,17.65,83.2667,75.96,78,100,3.36,IN,2021-12-05 02:10:15,overcast clouds
463,Aswan,24.0934,32.907,65.53,25,0,6.24,EG,2021-12-05 02:10:15,clear sky
464,Nacimiento,-37.5,-72.6667,62.96,43,0,7.83,CL,2021-12-05 02:10:16,clear sky
465,San Jeronimo,-11.9472,-75.2829,52.92,81,100,2.04,PE,2021-12-05 02:10:16,overcast clouds
466,Iskitim,54.6366,83.3045,28.26,94,100,9.64,RU,2021-12-05 02:10:16,overcast clouds
467,Umm Kaddadah,13.6017,26.6876,70.5,25,3,13.09,SD,2021-12-05 02:10:17,clear sky
468,Sarangani,5.4033,125.4636,82.45,72,65,4.0,PH,2021-12-05 02:10:17,broken clouds
469,Caribou,46.8606,-68.012,15.01,78,90,0.0,US,2021-12-05 02:10:18,overcast clouds
470,Geraldton,-28.7667,114.6,88.21,30,0,11.5,AU,2021-12-05 02:10:18,clear sky
471,Chernyakhovsk,54.6335,21.8156,28.45,97,87,3.85,RU,2021-12-05 02:10:18,overcast clouds
472,Ust-Maya,60.4167,134.5333,-7.06,96,98,3.71,RU,2021-12-05 02:10:19,overcast clouds
473,Poyarkovo,49.6,128.6833,16.56,89,15,5.79,RU,2021-12-05 02:10:19,few clouds
474,Ures,29.4333,-110.4,72.84,27,100,3.06,MX,2021-12-05 02:10:20,overcast clouds
475,Cap Malheureux,-19.9842,57.6142,76.46,76,1,1.99,MU,2021-12-05 02:10:20,clear sky
476,Pospelikha,51.95,81.7667,13.12,98,77,3.15,RU,2021-12-05 02:10:20,broken clouds
477,Shumskiy,54.8318,99.1328,22.64,69,97,11.79,RU,2021-12-05 02:10:21,overcast clouds
478,Dori,14.0354,-0.0345,75.07,13,48,8.01,BF,2021-12-05 02:10:21,scattered clouds
479,General Roca,-39.0333,-67.5833,66.61,41,0,14.99,AR,2021-12-05 02:10:22,clear sky
480,Shingu,33.7333,135.9833,52.99,48,0,0.69,JP,2021-12-05 02:10:22,clear sky
481,San Policarpo,12.1791,125.5072,79.43,77,81,18.43,PH,2021-12-05 02:10:22,broken clouds
482,Erenhot,43.6475,111.9767,28.49,44,67,16.06,CN,2021-12-05 02:10:23,broken clouds
483,Balurghat,25.2167,88.7667,70.2,66,41,3.8,IN,2021-12-05 02:10:23,scattered clouds
484,Tevaitoa,-16.7833,-151.5,81.25,64,83,12.95,PF,2021-12-05 02:10:23,broken clouds
485,Leninsk,48.7119,45.1994,37.26,90,100,10.11,RU,2021-12-05 02:10:24,overcast clouds
486,Kathu,7.9178,98.3332,78.62,69,39,18.34,TH,2021-12-05 02:10:24,scattered clouds
487,Binika,21.0333,83.8,67.03,84,100,3.44,IN,2021-12-05 02:10:25,overcast clouds
488,Mehamn,71.0357,27.8492,18.97,84,66,23.24,NO,2021-12-05 02:10:26,broken clouds
489,Necochea,-38.5473,-58.7368,56.03,75,100,6.98,AR,2021-12-05 02:10:26,overcast clouds
490,Athens,37.9795,23.7162,54.18,90,1,1.99,GR,2021-12-05 02:09:01,clear sky
491,Doha,25.2867,51.5333,64.38,72,0,4.61,QA,2021-12-05 02:06:31,clear sky
492,Kilindoni,-7.9139,39.6668,79.63,79,100,12.55,TZ,2021-12-05 02:10:27,moderate rain
493,Privolzhye,52.8649,48.6044,30.88,84,100,5.68,RU,2021-12-05 02:10:27,overcast clouds
494,Sioux Lookout,50.1001,-91.917,-0.62,98,93,4.41,CA,2021-12-05 02:10:27,overcast clouds
495,Saint Anthony,45.0205,-93.218,32.25,64,90,1.01,US,2021-12-05 02:10:28,light snow
496,Rorvik,64.8621,11.2373,24.87,67,8,31.79,NO,2021-12-05 02:10:28,clear sky
497,La Asuncion,11.0333,-63.8628,77.7,87,16,12.41,VE,2021-12-05 02:11:29,few clouds
498,Choix,26.7092,-108.3219,72.45,37,94,2.75,MX,2021-12-05 02:11:29,overcast clouds
499,Suntar,62.1444,117.6319,12.0,80,86,12.17,RU,2021-12-05 02:11:30,overcast clouds
500,Tessalit,20.1986,1.0114,63.79,16,100,8.12,ML,2021-12-05 02:11:30,overcast clouds
501,Stornoway,58.2093,-6.3865,39.16,81,20,9.22,GB,2021-12-05 02:11:31,few clouds
502,Teahupoo,-17.8333,-149.2667,76.96,74,32,13.78,PF,2021-12-05 02:11:31,light rain
503,Caceres,39.522,-6.3748,39.79,97,24,5.66,ES,2021-12-05 02:11:32,few clouds
504,Praia Da Vitoria,38.7333,-27.0667,62.76,90,77,6.35,PT,2021-12-05 02:11:32,broken clouds
505,Isangel,-19.55,169.2667,86.11,94,75,9.22,VU,2021-12-05 02:07:47,broken clouds
506,Merauke,-8.4667,140.3333,88.52,61,94,6.17,ID,2021-12-05 02:11:33,overcast clouds
507,Puerto Madryn,-42.7692,-65.0385,66.58,51,0,24.79,AR,2021-12-05 02:11:34,clear sky
508,Peace River,56.2501,-117.286,-4.68,90,100,8.9,CA,2021-12-05 02:11:34,overcast clouds
509,Mus,39.0,41.75,27.5,87,100,4.63,TR,2021-12-05 02:11:35,overcast clouds
510,Kuminskiy,58.6667,66.5667,33.42,98,100,10.69,RU,2021-12-05 02:11:35,light snow
511,Mount Gambier,-37.8333,140.7667,67.1,37,0,8.79,AU,2021-12-05 02:11:36,clear sky
512,Vilhena,-12.7406,-60.1458,71.64,93,100,1.9,BR,2021-12-05 02:11:36,overcast clouds
513,Iquique,-20.2208,-70.1431,66.24,71,10,2.62,CL,2021-12-05 02:11:37,clear sky
514,Muisne,0.6,-80.0333,75.2,87,71,8.7,EC,2021-12-05 02:11:37,broken clouds
515,Otukpo,7.1913,8.1329,76.8,35,100,0.83,NG,2021-12-05 02:11:38,overcast clouds
516,Zhigalovo,54.8097,105.1578,20.79,85,85,12.57,RU,2021-12-05 02:11:39,overcast clouds
517,Fez,34.0372,-4.9998,41.25,93,0,6.91,MA,2021-12-05 02:11:39,clear sky
518,San Ramon De La Nueva Oran,-23.1322,-64.326,76.42,91,100,1.92,AR,2021-12-05 02:10:34,overcast clouds
519,Voyvozh,62.892,54.9635,1.44,94,100,10.4,RU,2021-12-05 02:11:40,light snow
520,Urumqi,43.801,87.6005,13.15,92,100,4.47,CN,2021-12-05 02:08:02,mist
521,San-Pedro,4.7485,-6.6363,78.6,85,93,3.27,CI,2021-12-05 02:11:41,overcast clouds
522,Kristiinankaupunki,62.2743,21.376,8.94,85,6,10.38,FI,2021-12-05 02:11:41,clear sky
523,Sudak,44.85,34.9667,49.05,93,79,6.42,UA,2021-12-05 02:11:42,broken clouds
524,Mitu,1.1983,-70.1733,71.01,99,92,0.85,CO,2021-12-05 02:11:42,overcast clouds
525,Pangnirtung,66.1451,-65.7125,16.88,95,100,2.15,CA,2021-12-05 02:11:43,light snow
526,Lai,9.3952,16.2989,75.79,32,31,4.0,TD,2021-12-05 02:11:43,scattered clouds
527,Kieta,-6.2167,155.6333,84.2,77,100,3.78,PG,2021-12-05 02:11:44,light rain
528,Huntsville,34.7304,-86.5861,61.56,97,90,3.0,US,2021-12-05 02:09:34,mist
529,Noumea,-22.2763,166.4572,89.58,99,47,10.83,NC,2021-12-05 02:11:45,scattered clouds
530,Luganville,-15.5333,167.1667,84.02,66,55,10.89,VU,2021-12-05 02:11:45,broken clouds
531,Kirkwood,38.5834,-90.4068,43.99,66,20,5.01,US,2021-12-05 02:11:46,few clouds
532,Bouna,9.2667,-3.0,75.47,26,81,5.59,CI,2021-12-05 02:11:46,broken clouds
533,Ermioni,37.3869,23.2442,51.46,81,1,3.58,GR,2021-12-05 02:11:47,clear sky
534,Maldonado,-34.6667,-54.9167,65.59,95,82,4.9,UY,2021-12-05 02:11:47,broken clouds
535,Visnes,59.3556,5.2242,36.21,51,100,13.8,NO,2021-12-05 02:11:48,overcast clouds
536,El Paujil,1.5701,-75.3286,71.51,90,53,1.92,CO,2021-12-05 02:11:48,broken clouds
537,Zaysan,47.4667,84.8667,21.24,89,100,1.03,KZ,2021-12-05 02:11:49,overcast clouds
538,Bria,6.5423,21.9863,71.06,48,9,1.32,CF,2021-12-05 02:11:49,clear sky
539,Kirakira,-10.4544,161.9205,85.93,70,67,2.04,SB,2021-12-05 02:11:50,broken clouds
540,Palmares Do Sul,-30.2578,-50.5097,70.0,79,87,17.54,BR,2021-12-05 02:11:50,overcast clouds
541,Henties Bay,-22.116,14.2845,56.86,89,0,7.96,NA,2021-12-05 02:11:51,clear sky
542,Sindor,62.8629,51.8905,4.66,90,100,11.48,RU,2021-12-05 02:12:51,overcast clouds
543,San Quintin,30.4833,-115.95,58.86,87,78,14.45,MX,2021-12-05 02:12:52,broken clouds
544,Suluq,31.6682,20.2521,63.43,51,78,21.43,LY,2021-12-05 02:12:52,broken clouds
545,Dali,25.7,100.1833,52.97,75,16,2.48,CN,2021-12-05 02:12:52,few clouds
546,Hervey Bay,-25.2986,152.8535,87.04,68,60,16.89,AU,2021-12-05 02:08:03,broken clouds
547,Bebedouro,-20.9494,-48.4792,72.82,70,14,6.76,BR,2021-12-05 02:12:53,few clouds
548,Tautira,-17.7333,-149.15,82.42,74,29,13.2,PF,2021-12-05 02:12:54,scattered clouds
549,Byron Bay,-28.65,153.6167,77.88,85,77,9.89,AU,2021-12-05 02:12:54,broken clouds
550,Athabasca,54.7169,-113.2854,11.01,90,100,10.45,CA,2021-12-05 02:12:55,light snow
551,Baruun-Urt,46.6806,113.2792,24.51,50,10,4.45,MN,2021-12-05 02:12:55,clear sky
552,Elizabeth City,36.2946,-76.2511,53.62,85,1,6.91,US,2021-12-05 02:12:55,clear sky
553,Iguape,-24.7081,-47.5553,69.73,87,62,8.61,BR,2021-12-05 02:12:56,broken clouds
554,Eyl,7.9803,49.8164,73.0,70,100,12.46,SO,2021-12-05 02:12:57,overcast clouds
555,Pochutla,15.7432,-96.4661,79.83,68,0,2.93,MX,2021-12-05 02:12:58,clear sky
556,Rocha,-34.4833,-54.3333,59.18,96,85,4.7,UY,2021-12-05 02:12:58,overcast clouds
557,Ibadan,7.3878,3.8964,72.73,87,100,2.3,NG,2021-12-05 02:12:58,overcast clouds
558,Marsh Harbour,26.5412,-77.0636,76.08,60,100,10.63,BS,2021-12-05 02:12:59,overcast clouds
559,Owando,-0.4819,15.8999,72.52,95,100,2.39,CG,2021-12-05 02:12:59,overcast clouds
560,Concordia,-31.393,-58.0209,71.78,69,33,4.0,AR,2021-12-05 02:13:00,scattered clouds
561,South Venice,27.0531,-82.4243,67.98,86,1,0.0,US,2021-12-05 02:13:00,clear sky
562,Havelock,34.8791,-76.9013,60.75,91,100,4.25,US,2021-12-05 02:13:00,overcast clouds
563,Pozo Colorado,-23.4923,-58.7972,85.68,29,100,6.62,PY,2021-12-05 02:13:01,overcast clouds
564,Brindisi,40.5833,17.6667,47.77,79,15,8.21,IT,2021-12-05 02:13:01,few clouds
565,Victor Harbor,-35.5667,138.6167,74.19,63,100,1.01,AU,2021-12-05 02:13:02,overcast clouds
566,Lata,40.1629,-8.3327,51.82,82,70,7.07,PT,2021-12-05 02:13:03,broken clouds
567,Ambulu,-8.345,113.6058,82.33,71,100,1.52,ID,2021-12-05 02:13:03,overcast clouds
568,Aksum,14.1245,38.7244,50.99,53,0,3.78,ET,2021-12-05 02:13:03,clear sky
569,Mackenzie,55.2999,-123.1698,17.82,93,90,2.3,CA,2021-12-05 02:13:04,overcast clouds
570,Huaiyin,33.5886,119.0192,51.03,49,0,7.0,CN,2021-12-05 02:13:04,clear sky
571,Sakaraha,-22.9,44.5333,72.01,54,0,1.07,MG,2021-12-05 02:13:05,clear sky
572,Onalaska,43.8844,-91.2351,32.92,65,100,1.01,US,2021-12-05 02:13:05,light snow
573,Boca Do Acre,-8.7522,-67.3978,74.46,98,100,2.57,BR,2021-12-05 02:13:06,overcast clouds
574,Ashland,40.8167,-82.2665,36.14,82,58,7.65,US,2021-12-05 02:12:25,broken clouds
575,Chernyshevsk,52.5243,117.0174,9.73,90,31,1.34,RU,2021-12-05 02:13:06,scattered clouds
576,Viesca,25.35,-102.8,71.96,34,66,3.74,MX,2021-12-05 02:13:07,broken clouds
577,Salinopolis,-0.6136,-47.3561,78.71,87,41,9.64,BR,2021-12-05 02:13:07,scattered clouds
578,Preobrazheniye,42.9019,133.9064,30.52,33,0,8.79,RU,2021-12-05 02:13:07,clear sky
579,Shubarkuduk,49.1447,56.4872,29.05,69,10,7.63,KZ,2021-12-05 02:13:08,clear sky
580,Lima,-12.0432,-77.0282,68.9,78,40,16.11,PE,2021-12-05 02:13:08,scattered clouds
581,Quartucciu,39.2519,9.1794,55.0,74,40,5.99,IT,2021-12-05 02:13:09,scattered clouds
582,Kloulklubed,7.0419,134.2556,83.48,73,100,4.56,PW,2021-12-05 02:13:09,overcast clouds
583,Salalah,17.0151,54.0924,73.49,38,0,11.5,OM,2021-12-05 02:13:09,clear sky
584,Fukue,32.6881,128.8419,55.67,57,85,4.05,JP,2021-12-05 02:13:10,overcast clouds
585,Slave Lake,55.2834,-114.769,1.38,71,90,11.5,CA,2021-12-05 02:10:26,light snow
586,Talcahuano,-36.7167,-73.1167,60.48,72,0,8.05,CL,2021-12-05 02:14:12,clear sky
587,Raudeberg,61.9875,5.1352,36.27,94,100,1.01,NO,2021-12-05 02:14:13,light snow
588,Acapulco,16.8634,-99.8901,80.42,78,1,4.61,MX,2021-12-05 02:10:17,clear sky
589,Illapel,-31.6308,-71.1653,71.33,46,0,1.52,CL,2021-12-05 02:14:16,clear sky
590,Nimaj,26.1497,74.0,64.8,61,12,7.07,IN,2021-12-05 02:14:16,few clouds
591,Santa Cruz Del Sur,20.7147,-77.9956,74.07,77,90,12.97,CU,2021-12-05 02:14:17,overcast clouds
592,Coquimbo,-29.9533,-71.3436,58.73,88,20,5.75,CL,2021-12-05 02:12:30,few clouds
593,Yaan,7.3833,8.5667,78.28,32,100,2.15,NG,2021-12-05 02:14:17,overcast clouds
594,Galle,6.0367,80.217,79.12,84,82,3.98,LK,2021-12-05 02:10:23,broken clouds
595,Cuautepec,16.7,-99.0,75.24,76,0,2.98,MX,2021-12-05 02:14:18,clear sky
596,Deurne,51.2085,4.4719,41.09,89,90,7.0,BE,2021-12-05 02:12:31,overcast clouds
597,Gazanjyk,39.2446,55.5154,40.77,79,0,10.27,TM,2021-12-05 02:14:19,clear sky
598,Ewa Beach,21.3156,-158.0072,73.35,68,90,10.0,US,2021-12-05 02:14:19,light rain
599,Hobyo,5.3505,48.5268,77.92,76,57,17.43,SO,2021-12-05 02:14:20,broken clouds
600,Zhashkiv,49.2454,30.1102,28.08,84,100,6.55,UA,2021-12-05 02:14:21,overcast clouds
601,Saint Cloud,45.5608,-94.1625,30.49,74,90,3.0,US,2021-12-05 02:12:00,overcast clouds
602,Eunice,30.4944,-92.4176,68.0,84,0,6.87,US,2021-12-05 02:14:22,clear sky
603,Kalamare,-22.9337,26.5703,68.92,80,100,5.55,BW,2021-12-05 02:14:23,moderate rain
604,Srandakan,-7.9386,110.2506,68.74,75,100,3.58,ID,2021-12-05 02:14:23,overcast clouds
605,Lulea,65.5842,22.1547,3.27,85,90,6.91,SE,2021-12-05 02:14:24,overcast clouds
606,Kaffrine,14.1059,-15.5508,78.55,18,100,3.67,SN,2021-12-05 02:14:24,overcast clouds
607,Husavik,66.0449,-17.3389,13.91,79,47,15.52,IS,2021-12-05 02:14:25,scattered clouds
608,Tateyama,34.9833,139.8667,54.1,55,25,9.8,JP,2021-12-05 02:14:25,scattered clouds
609,Shache,38.4167,77.2406,24.33,42,0,1.83,CN,2021-12-05 02:14:25,clear sky
610,Narrabri,-30.3167,149.7833,82.53,49,78,3.0,AU,2021-12-05 02:14:26,broken clouds
611,Seoul,37.5683,126.9778,39.61,30,0,1.79,KR,2021-12-05 02:12:18,clear sky
612,Cheremukhovo,60.3484,59.9851,0.09,96,100,6.35,RU,2021-12-05 02:14:27,overcast clouds
613,Acarau,-2.8856,-40.12,79.21,85,63,11.07,BR,2021-12-05 02:14:27,broken clouds
614,Wasilla,61.5814,-149.4394,12.94,76,1,0.0,US,2021-12-05 02:09:39,clear sky
615,Colesberg,-30.72,25.0972,60.21,87,100,13.04,ZA,2021-12-05 02:14:27,light rain
616,Benalla,-36.55,145.9833,75.97,52,100,9.53,AU,2021-12-05 02:14:28,overcast clouds
617,Pecos,31.4229,-103.4932,62.31,35,1,0.0,US,2021-12-05 02:14:28,clear sky
618,Samarai,-10.6167,150.6667,84.34,71,97,6.2,PG,2021-12-05 02:14:29,overcast clouds
619,Hegang,47.4,130.3667,13.57,78,4,5.68,CN,2021-12-05 02:14:29,clear sky
620,Filingue,14.3521,3.3168,73.47,14,1,8.23,NE,2021-12-05 02:14:30,clear sky
621,Teguldet,57.3064,88.1667,20.7,91,100,9.91,RU,2021-12-05 02:14:30,overcast clouds
622,Malangali,-8.5667,34.85,63.63,83,68,7.72,TZ,2021-12-05 02:14:30,broken clouds
623,Kalmunai,7.4167,81.8167,78.57,83,2,4.09,LK,2021-12-05 02:14:31,clear sky
624,General Pico,-35.6566,-63.7568,55.15,97,49,5.39,AR,2021-12-05 02:14:32,scattered clouds
625,San Juan,-31.5375,-68.5364,67.32,60,98,7.16,AR,2021-12-05 02:14:32,overcast clouds
626,Marystown,47.1666,-55.1483,31.86,100,100,5.01,CA,2021-12-05 02:14:33,overcast clouds
627,Port Macquarie,-31.4333,152.9167,71.56,79,100,13.15,AU,2021-12-05 02:14:02,overcast clouds
628,The Valley,18.217,-63.0578,80.1,75,4,18.99,AI,2021-12-05 02:14:34,clear sky
629,Ulaanbaatar,47.9077,106.8832,1.53,78,50,0.0,MN,2021-12-05 02:14:34,scattered clouds
630,Huangchuan,32.1272,115.0394,53.53,26,83,1.59,CN,2021-12-05 02:14:34,broken clouds
631,Lisakovsk,52.5369,62.4936,27.9,89,100,12.71,KZ,2021-12-05 02:14:35,overcast clouds
632,Ixtapa,20.7,-105.2,79.83,83,40,0.0,MX,2021-12-05 02:14:36,scattered clouds
633,Imeni Poliny Osipenko,52.4201,136.4853,0.72,86,86,13.65,RU,2021-12-05 02:15:36,overcast clouds
634,Moissala,8.3404,17.7663,76.32,33,90,4.41,TD,2021-12-05 02:15:37,overcast clouds
635,Fonte Boa,-2.4959,-66.2662,74.19,98,97,2.15,BR,2021-12-05 02:15:38,overcast clouds
636,Tarko-Sale,64.9225,77.785,-24.43,100,93,4.68,RU,2021-12-05 02:15:38,overcast clouds
637,Biltine,14.5333,20.9167,72.46,18,0,8.28,TD,2021-12-05 02:15:39,clear sky
638,Mantes-La-Jolie,49.0,1.6667,40.46,88,100,10.02,FR,2021-12-05 02:15:39,overcast clouds
639,Lamu,-2.2717,40.902,80.82,80,5,9.57,KE,2021-12-05 02:15:00,clear sky
640,Broome,42.2506,-75.833,36.86,64,40,5.01,US,2021-12-05 02:15:40,scattered clouds
641,Alice Springs,-23.7,133.8833,85.55,20,1,17.27,AU,2021-12-05 02:15:40,clear sky
642,Labuhan,-6.8844,112.2051,82.72,73,99,9.15,ID,2021-12-05 02:15:41,overcast clouds
643,Laurel,39.0993,-76.8483,50.7,63,40,1.01,US,2021-12-05 02:15:41,scattered clouds
644,Chapais,49.7834,-74.8492,-7.82,97,100,2.04,CA,2021-12-05 02:15:41,overcast clouds
645,Flin Flon,54.7682,-101.865,-2.18,94,100,5.12,CA,2021-12-05 02:15:42,overcast clouds
646,Ko Samui,9.5357,99.9357,84.11,58,20,12.66,TH,2021-12-05 02:15:17,few clouds
647,Badou,7.5833,0.6,74.03,58,94,1.95,TG,2021-12-05 02:15:43,overcast clouds
648,Lac Du Bonnet,50.2536,-96.0612,17.58,93,100,6.4,CA,2021-12-05 02:15:43,overcast clouds
649,Agogo,6.8,-1.0819,70.41,96,90,3.27,GH,2021-12-05 02:15:44,overcast clouds
650,Labuan,5.2767,115.2417,84.36,83,20,5.75,MY,2021-12-05 02:15:44,few clouds
651,Nigel,-26.4314,28.4771,59.38,85,100,10.76,ZA,2021-12-05 02:15:45,overcast clouds
652,Lagoa,39.05,-27.9833,63.25,80,16,10.71,PT,2021-12-05 02:15:45,few clouds
653,Hailar,49.2,119.7,18.46,86,99,10.65,CN,2021-12-05 02:15:46,overcast clouds
654,Armacao De Pera,37.1026,-8.357,53.51,82,0,10.87,PT,2021-12-05 02:15:46,clear sky
655,Havoysund,70.9963,24.6622,18.48,91,99,14.74,NO,2021-12-05 02:15:46,light snow
